slno,vehicle_type,brand,model,engine_type,make_year,region,mileage_range,mileage,oil_filter,engine_oil,washer_plug_drain,dust_and_pollen_filter,whell_alignment_and_balancing,air_clean_filter,fuel_filter,spark_plug,brake_fluid,brake_and_clutch_oil,transmission_fluid,brake_pads,clutch,coolant,cost,vehicle_type_encoded
1,Car,honda,jazz,petrol,2017,chennai,10000,11400,1,1,0,0,1,0,0,0,0,0,0,0,0,0,2566,0
2,Car,honda,jazz,petrol,2017,chennai,10000,11453,1,1,0,0,1,0,0,0,0,0,0,0,0,0,2633,0
3,Car,honda,jazz,petrol,2017,chennai,10000,10706,1,1,0,0,0,0,0,0,0,0,0,0,0,0,2643,0
4,Car,honda,jazz,petrol,2017,chennai,10000,11015,1,1,0,0,0,0,0,0,0,0,0,0,0,0,2532,0
5,Car,honda,jazz,petrol,2017,chennai,10000,10039,1,1,0,0,0,0,0,0,0,0,0,0,0,0,2489,0
6,Car,honda,jazz,petrol,2017,chennai,10000,10348,1,1,0,0,0,0,0,0,0,0,0,0,0,0,2578,0
7,Car,honda,jazz,petrol,2017,chennai,10000,10936,1,1,0,0,1,0,0,0,0,0,0,0,0,0,2631,0
8,Car,honda,jazz,petrol,2017,chennai,10000,10355,1,1,0,0,0,0,0,0,0,0,0,0,0,0,2639,0
9,Car,honda,jazz,petrol,2017,chennai,10000,11028,1,1,0,0,0,0,0,0,0,0,0,0,0,0,2703,0
10,Car,honda,jazz,petrol,2017,chennai,10000,10843,1,1,0,0,0,0,0,0,0,0,0,0,0,0,2539,0
11,Car,honda,jazz,petrol,2017,chennai,10000,10686,1,1,0,0,0,0,0,0,0,0,0,0,0,0,2597,0
12,Car,honda,jazz,petrol,2017,chennai,10000,10573,1,1,0,0,0,0,0,0,0,0,0,0,0,0,2583,0
13,Car,honda,jazz,petrol,2017,chennai,10000,10992,1,1,1,0,0,0,0,0,0,0,0,0,0,0,2633,0
14,Car,honda,jazz,petrol,2017,chennai,10000,10376,1,1,1,0,0,0,0,0,0,0,0,0,0,0,2643,0
15,Car,honda,jazz,petrol,2017,chennai,10000,11009,1,1,1,0,1,0,0,0,0,0,0,0,0,0,2532,0
16,Car,honda,jazz,petrol,2017,chennai,10000,10048,1,1,1,0,0,0,0,0,0,0,0,0,0,0,2489,0
17,Car,honda,jazz,petrol,2017,chennai,10000,10623,1,1,1,0,0,0,0,0,0,0,0,0,0,0,2578,0
18,Car,honda,jazz,petrol,2017,chennai,10000,10832,1,1,1,0,1,0,0,0,0,0,0,0,0,0,2631,0
19,Car,honda,jazz,petrol,2017,chennai,10000,11034,1,1,1,0,1,0,0,0,0,0,0,0,0,0,2639,0
20,Car,honda,jazz,petrol,2017,chennai,10000,10228,1,1,1,0,1,0,0,0,0,0,0,0,0,0,2703,0
21,Car,honda,jazz,petrol,2017,chennai,20000,20679,1,1,1,1,0,0,0,0,0,0,0,0,0,0,3336,0
22,Car,honda,jazz,petrol,2017,chennai,20000,20797,1,1,1,1,0,0,0,0,0,0,0,0,0,0,3418,0
23,Car,honda,jazz,petrol,2017,chennai,20000,19646,1,1,1,1,0,0,0,0,0,0,0,0,0,0,3276,0
24,Car,honda,jazz,petrol,2017,chennai,20000,20566,1,1,1,1,0,0,0,0,0,0,0,0,0,0,3134,0
25,Car,honda,jazz,petrol,2017,chennai,20000,20478,1,1,1,1,0,0,0,0,0,0,0,0,0,0,3489,0
26,Car,honda,jazz,petrol,2017,chennai,20000,20787,1,1,1,1,0,0,0,0,0,0,0,0,0,0,3578,0
27,Car,honda,jazz,petrol,2017,chennai,20000,19899,1,1,1,1,0,0,0,0,0,0,0,0,0,0,3248,0
28,Car,honda,jazz,petrol,2017,chennai,20000,20575,1,1,1,1,0,0,0,0,0,0,0,0,0,0,3682,0
29,Car,honda,jazz,petrol,2017,chennai,20000,21587,1,1,1,1,0,0,0,0,0,0,0,0,0,0,3418,0
30,Car,honda,jazz,petrol,2017,chennai,20000,20689,1,1,1,1,0,0,0,0,0,0,0,0,0,0,3276,0
31,Car,honda,jazz,petrol,2017,chennai,20000,20464,1,1,1,1,0,0,0,0,0,0,0,0,0,0,3134,0
32,Car,honda,jazz,petrol,2017,chennai,20000,21567,1,1,1,1,1,0,0,0,0,0,0,0,0,0,3583,0
33,Car,honda,jazz,petrol,2017,chennai,20000,22769,1,1,1,1,1,0,0,0,0,0,0,0,0,0,3365,0
34,Car,honda,jazz,petrol,2017,chennai,20000,20312,1,1,1,1,1,0,0,0,0,0,0,0,0,0,3478,0
35,Car,honda,jazz,petrol,2017,chennai,20000,20453,1,1,1,1,1,0,0,0,0,0,0,0,0,0,3336,0
36,Car,honda,jazz,petrol,2017,chennai,20000,20564,1,1,1,1,0,1,0,0,0,0,0,0,0,0,3418,0
37,Car,honda,jazz,petrol,2017,chennai,20000,20644,1,1,1,1,0,1,0,0,0,0,0,0,0,0,3276,0
38,Car,honda,jazz,petrol,2017,chennai,20000,20768,1,1,1,1,1,1,0,0,0,0,0,0,0,0,3134,0
39,Car,honda,jazz,petrol,2017,chennai,20000,20543,1,1,1,1,0,1,0,0,0,0,0,0,0,0,3215,0
40,Car,honda,jazz,petrol,2017,chennai,20000,21056,1,1,1,1,0,1,0,0,0,0,0,0,0,0,8714,0
41,Car,honda,jazz,petrol,2017,chennai,30000,30239,1,1,1,0,0,0,0,0,0,0,0,0,0,0,3143,0
42,Car,honda,jazz,petrol,2017,chennai,30000,30231,1,1,1,0,0,0,0,0,0,0,0,0,0,0,3273,0
43,Car,honda,jazz,petrol,2017,chennai,30000,30783,1,1,1,0,0,0,0,0,0,0,0,0,0,0,3489,0
44,Car,honda,jazz,petrol,2017,chennai,30000,30463,1,1,1,0,0,0,0,0,0,0,0,0,0,0,3323,0
45,Car,honda,jazz,petrol,2017,chennai,30000,30463,1,1,1,0,0,0,0,0,0,0,0,0,0,0,3422,0
46,Car,honda,jazz,petrol,2017,chennai,30000,29625,1,1,1,0,0,0,0,0,0,0,0,0,0,0,3232,0
47,Car,honda,jazz,petrol,2017,chennai,30000,31833,1,1,1,0,0,0,0,0,0,0,0,0,0,0,3136,0
48,Car,honda,jazz,petrol,2017,chennai,30000,30172,1,1,1,0,0,0,0,0,0,0,0,0,0,0,3193,0
49,Car,honda,jazz,petrol,2017,chennai,30000,30132,1,1,1,0,0,0,0,0,0,0,0,0,0,0,3344,0
50,Car,honda,jazz,petrol,2017,chennai,30000,29234,1,1,1,0,0,0,0,0,0,0,0,0,0,0,3474,0
51,Car,honda,jazz,petrol,2017,chennai,30000,30541,1,1,1,0,0,0,0,0,0,0,0,0,0,0,3750,0
52,Car,honda,jazz,petrol,2017,chennai,30000,29689,1,1,1,0,0,0,0,0,0,0,0,0,0,0,3523,0
53,Car,honda,jazz,petrol,2017,chennai,30000,30545,1,1,1,0,0,0,0,0,0,0,0,0,0,0,3263,0
54,Car,honda,jazz,petrol,2017,chennai,30000,30432,1,1,1,0,0,0,0,0,0,0,0,0,0,0,3283,0
55,Car,honda,jazz,petrol,2017,chennai,30000,30679,1,1,1,0,0,0,0,0,0,0,0,0,0,0,3384,0
56,Car,honda,jazz,petrol,2017,chennai,30000,30765,1,1,1,0,0,0,0,0,0,0,0,0,0,0,3680,0
57,Car,honda,jazz,petrol,2017,chennai,30000,30758,1,1,1,0,0,0,0,0,0,0,0,0,0,0,4342,0
58,Car,honda,jazz,petrol,2017,chennai,30000,31234,1,1,1,0,0,0,0,0,0,0,0,0,0,0,5342,0
59,Car,honda,jazz,petrol,2017,chennai,30000,30272,1,1,1,0,0,0,0,0,0,0,0,0,0,0,4434,0
60,Car,honda,jazz,petrol,2017,chennai,30000,30137,1,1,1,0,0,0,0,0,0,0,0,0,0,0,4343,0
61,Car,honda,jazz,petrol,2017,chennai,40000,40231,1,1,1,1,0,0,0,1,0,0,0,0,0,1,4422,0
62,Car,honda,jazz,petrol,2017,chennai,40000,40532,1,1,1,1,0,0,0,1,0,0,0,0,0,1,4372,0
63,Car,honda,jazz,petrol,2017,chennai,40000,39163,1,1,1,1,0,0,0,1,0,0,0,0,0,1,4457,0
64,Car,honda,jazz,petrol,2017,chennai,40000,40328,1,1,1,1,0,0,0,1,0,0,0,0,0,1,4322,0
65,Car,honda,jazz,petrol,2017,chennai,40000,40368,1,1,1,1,0,0,0,1,0,0,0,0,0,1,4273,0
66,Car,honda,jazz,petrol,2017,chennai,40000,39175,1,1,1,1,0,0,0,1,0,0,0,0,0,1,4282,0
67,Car,honda,jazz,petrol,2017,chennai,40000,40613,1,1,1,1,0,0,0,1,0,0,0,0,0,1,4274,0
68,Car,honda,jazz,petrol,2017,chennai,40000,40293,1,1,1,1,0,0,0,1,0,0,0,0,0,1,4272,0
69,Car,honda,jazz,petrol,2017,chennai,40000,40733,1,1,1,1,0,0,0,1,0,0,0,0,0,1,4548,0
70,Car,honda,jazz,petrol,2017,chennai,40000,41382,1,1,1,1,0,0,0,1,0,0,0,0,0,1,4482,0
71,Car,honda,jazz,petrol,2017,chennai,40000,40289,1,1,1,1,0,0,0,1,0,0,0,0,0,1,4372,0
72,Car,honda,jazz,petrol,2017,chennai,40000,39236,1,1,1,1,0,0,0,1,0,0,0,0,0,1,4273,0
73,Car,honda,jazz,petrol,2017,chennai,40000,40722,1,1,1,1,0,0,0,1,0,0,0,0,0,1,4373,0
74,Car,honda,jazz,petrol,2017,chennai,40000,42232,1,1,1,1,0,0,0,1,0,0,0,0,0,1,4874,0
75,Car,honda,jazz,petrol,2017,chennai,40000,40724,1,1,1,1,0,0,0,1,0,0,0,0,0,1,4836,0
76,Car,honda,jazz,petrol,2017,chennai,40000,40283,1,1,1,1,0,0,0,1,0,0,0,0,0,1,4723,0
77,Car,honda,jazz,petrol,2017,chennai,40000,39328,1,1,1,1,0,0,0,1,0,0,0,0,0,1,4792,0
78,Car,honda,jazz,petrol,2017,chennai,40000,41238,1,1,1,1,0,0,0,1,0,0,0,0,0,1,5292,0
79,Car,honda,jazz,petrol,2017,chennai,40000,40278,1,1,1,1,0,0,0,1,0,0,0,0,0,1,5123,0
80,Car,honda,jazz,petrol,2017,chennai,40000,40243,1,1,1,1,0,0,0,1,0,0,0,0,0,1,5163,0
81,Car,honda,jazz,petrol,2017,chennai,50000,50234,1,1,1,0,0,0,0,0,0,0,0,0,0,0,3312,0
82,Car,honda,jazz,petrol,2017,chennai,50000,50722,1,1,1,0,0,0,0,0,0,0,0,0,0,0,3464,0
83,Car,honda,jazz,petrol,2017,chennai,50000,50236,1,1,1,0,0,0,0,0,0,0,0,0,0,0,3253,0
84,Car,honda,jazz,petrol,2017,chennai,50000,50673,1,1,1,0,0,0,0,0,0,0,0,0,0,0,3323,0
85,Car,honda,jazz,petrol,2017,chennai,50000,50892,1,1,1,0,0,0,0,0,0,0,0,0,0,0,3422,0
86,Car,honda,jazz,petrol,2017,chennai,50000,51427,1,1,1,0,0,0,0,0,0,0,0,0,0,0,3232,0
87,Car,honda,jazz,petrol,2017,chennai,50000,50237,1,1,1,0,0,0,0,0,0,0,0,0,0,0,3136,0
88,Car,honda,jazz,petrol,2017,chennai,50000,49622,1,1,1,0,0,0,0,0,0,0,0,0,0,0,3193,0
89,Car,honda,jazz,petrol,2017,chennai,50000,49263,1,1,1,0,0,0,0,0,0,0,0,0,0,0,3344,0
90,Car,honda,jazz,petrol,2017,chennai,50000,50268,1,1,1,0,0,0,0,0,0,0,0,1,0,1,3474,0
91,Car,honda,jazz,petrol,2017,chennai,50000,51452,1,1,1,0,0,0,0,0,1,0,0,1,0,1,3364,0
92,Car,honda,jazz,petrol,2017,chennai,50000,50823,1,1,1,0,0,0,0,0,1,0,1,1,0,1,3231,0
93,Car,honda,jazz,petrol,2017,chennai,50000,50179,1,1,1,0,0,0,0,0,1,0,1,1,0,1,3532,0
94,Car,honda,jazz,petrol,2017,chennai,50000,51102,1,1,1,0,0,1,0,0,0,0,0,1,0,0,3689,0
95,Car,honda,jazz,petrol,2017,chennai,50000,51324,1,1,1,0,0,1,0,0,0,0,0,1,0,0,3730,0
96,Car,honda,jazz,petrol,2017,chennai,50000,50822,1,1,1,0,0,1,0,0,0,0,1,1,0,0,3647,0
97,Car,honda,jazz,petrol,2017,chennai,50000,50264,1,1,1,0,1,1,0,0,1,0,0,1,0,0,4123,0
98,Car,honda,jazz,petrol,2017,chennai,50000,50012,1,1,1,0,1,0,0,0,1,0,0,1,0,0,4202,0
99,Car,honda,jazz,petrol,2017,chennai,50000,50272,1,1,1,0,0,0,0,1,0,0,1,1,0,0,4822,0
100,Car,honda,jazz,petrol,2017,chennai,50000,50327,1,1,1,0,1,0,0,1,0,0,0,1,0,0,4037,0
101,Car,honda,jazz,petrol,2017,chennai,60000,60272,1,1,1,1,0,1,0,0,1,0,1,1,0,0,6135,0
102,Car,honda,jazz,petrol,2017,chennai,60000,60347,1,1,1,1,0,1,0,0,1,0,1,1,0,0,6234,0
103,Car,honda,jazz,petrol,2017,chennai,60000,60322,1,1,1,1,0,1,1,0,1,0,1,1,0,0,6163,0
104,Car,honda,jazz,petrol,2017,chennai,60000,60347,1,1,1,1,0,1,1,0,1,0,1,1,0,0,6237,0
105,Car,honda,jazz,petrol,2017,chennai,60000,60839,1,1,1,1,0,1,1,0,1,0,1,1,0,0,6088,0
106,Car,honda,jazz,petrol,2017,chennai,60000,60321,1,1,1,1,0,1,1,0,1,0,1,1,0,0,6143,0
107,Car,honda,jazz,petrol,2017,chennai,60000,61733,1,1,1,1,0,1,1,0,1,0,1,1,0,0,6228,0
108,Car,honda,jazz,petrol,2017,chennai,60000,60977,1,1,1,1,0,1,1,0,1,0,1,1,0,0,6292,0
109,Car,honda,jazz,petrol,2017,chennai,60000,60632,1,1,1,1,0,1,1,0,1,0,1,1,0,0,6183,0
110,Car,honda,jazz,petrol,2017,chennai,60000,60872,1,1,1,1,0,1,1,0,1,0,1,0,0,0,6137,0
111,Car,honda,jazz,petrol,2017,chennai,60000,60134,1,1,1,1,0,1,1,0,1,0,1,0,0,0,6099,0
112,Car,honda,jazz,petrol,2017,chennai,60000,60427,1,1,1,1,0,1,1,0,1,0,1,0,0,0,6132,0
113,Car,honda,jazz,petrol,2017,chennai,60000,60349,1,1,1,1,0,1,1,0,1,0,1,0,0,0,6487,0
114,Car,honda,jazz,petrol,2017,chennai,60000,60374,1,1,1,1,0,1,1,0,1,0,1,0,0,0,6579,0
115,Car,honda,jazz,petrol,2017,chennai,60000,60694,1,1,1,1,0,1,1,0,1,0,1,0,0,0,6693,0
116,Car,honda,jazz,petrol,2017,chennai,60000,61379,1,1,1,1,0,1,0,0,1,0,1,0,0,0,6469,0
117,Car,honda,jazz,petrol,2017,chennai,60000,59262,1,1,1,1,0,1,0,0,1,0,1,0,0,0,6367,0
118,Car,honda,jazz,petrol,2017,chennai,60000,60347,1,1,1,1,0,1,0,0,1,0,1,0,0,0,6397,0
119,Car,honda,jazz,petrol,2017,chennai,60000,61372,1,1,1,1,0,1,0,0,1,0,1,0,0,0,6495,0
120,Car,honda,jazz,petrol,2017,chennai,60000,60437,1,1,1,1,0,1,0,0,1,0,1,0,0,0,6402,0
121,Car,honda,jazz,petrol,2017,chennai,70000,70262,1,1,1,0,0,0,0,0,0,0,0,0,1,0,4633,0
122,Car,honda,jazz,petrol,2017,chennai,70000,70373,1,1,1,0,0,0,0,0,0,0,0,0,1,0,4643,0
123,Car,honda,jazz,petrol,2017,chennai,70000,70764,1,1,1,0,1,0,0,0,0,0,0,0,1,0,4532,0
124,Car,honda,jazz,petrol,2017,chennai,70000,70384,1,1,1,0,1,0,0,0,0,0,1,0,1,0,4489,0
125,Car,honda,jazz,petrol,2017,chennai,70000,70976,1,1,1,0,1,0,0,0,0,0,1,0,1,0,4578,0
126,Car,honda,jazz,petrol,2017,chennai,70000,71253,1,1,1,0,1,0,0,0,0,0,1,0,1,0,4631,0
127,Car,honda,jazz,petrol,2017,chennai,70000,70311,1,1,1,0,1,0,0,0,0,0,0,0,1,0,4639,0
128,Car,honda,jazz,petrol,2017,chennai,70000,70789,1,1,1,0,1,0,0,0,0,0,0,0,1,0,4703,0
129,Car,honda,jazz,petrol,2017,chennai,70000,70098,1,1,1,0,1,0,0,1,0,0,0,0,1,0,4539,0
130,Car,honda,jazz,petrol,2017,chennai,70000,69432,1,1,1,0,1,0,0,1,0,0,0,0,1,0,4597,0
131,Car,honda,jazz,petrol,2017,chennai,70000,70894,1,1,1,0,1,0,0,1,0,0,0,0,1,0,4583,0
132,Car,honda,jazz,petrol,2017,chennai,70000,70753,1,1,1,0,0,0,0,1,0,0,0,0,1,0,4633,0
133,Car,honda,jazz,petrol,2017,chennai,70000,70756,1,1,1,0,0,0,0,0,0,0,0,0,1,0,4643,0
134,Car,honda,jazz,petrol,2017,chennai,70000,70890,1,1,1,0,0,0,0,0,1,0,0,0,1,0,4532,0
135,Car,honda,jazz,petrol,2017,chennai,70000,70473,1,1,1,0,0,0,0,0,1,0,0,0,1,0,4489,0
136,Car,honda,jazz,petrol,2017,chennai,70000,70985,1,1,1,0,0,1,0,0,1,0,0,0,1,0,4578,0
137,Car,honda,jazz,petrol,2017,chennai,70000,70342,1,1,1,0,0,1,0,0,1,0,0,0,1,0,4631,0
138,Car,honda,jazz,petrol,2017,chennai,70000,70033,1,1,1,0,0,1,0,0,0,0,0,0,1,0,4639,0
139,Car,honda,jazz,petrol,2017,chennai,70000,70653,1,1,1,0,0,0,0,0,0,0,0,0,1,0,4703,0
140,Car,honda,jazz,petrol,2017,chennai,70000,70373,1,1,1,0,0,0,0,0,0,0,0,0,0,0,2789,0
141,Car,honda,jazz,petrol,2017,chennai,80000,82238,1,1,1,0,0,0,1,1,0,0,0,0,0,0,4753,0
142,Car,honda,jazz,petrol,2017,chennai,80000,89843,1,1,1,0,0,0,1,1,0,0,0,0,0,0,4790,0
143,Car,honda,jazz,petrol,2017,chennai,80000,85834,1,1,1,0,0,0,1,1,0,0,0,0,0,0,4230,0
144,Car,honda,jazz,petrol,2017,chennai,80000,88433,1,1,1,0,0,0,1,1,0,0,0,0,0,0,4875,0
145,Car,honda,jazz,petrol,2017,chennai,80000,82363,1,1,1,0,0,0,1,1,0,0,0,0,0,0,4976,0
146,Car,honda,jazz,petrol,2017,chennai,80000,83462,1,1,1,0,0,0,1,1,0,0,0,0,0,0,4679,0
147,Car,honda,jazz,petrol,2017,chennai,80000,82346,1,1,1,0,0,0,1,1,0,0,0,0,0,0,4312,0
148,Car,honda,jazz,petrol,2017,chennai,80000,89437,1,1,1,1,0,0,1,1,0,0,0,0,0,0,4068,0
149,Car,honda,jazz,petrol,2017,chennai,80000,90327,1,1,1,1,0,0,1,1,0,0,0,0,0,0,5084,0
150,Car,honda,jazz,petrol,2017,chennai,80000,82462,1,1,1,0,0,0,1,1,0,0,0,0,0,0,5866,0
151,Car,honda,jazz,petrol,2017,chennai,80000,81482,1,1,1,0,0,0,1,1,0,0,0,0,0,0,5238,0
152,Car,honda,jazz,petrol,2017,chennai,100000,122342,1,1,1,0,0,0,0,0,0,0,0,0,0,0,3725,0
153,Car,honda,jazz,petrol,2017,chennai,100000,102378,1,1,1,1,0,0,0,0,0,0,0,0,0,0,3248,0
154,Car,honda,jazz,petrol,2017,chennai,100000,113247,1,1,1,0,0,0,0,0,0,0,0,0,0,0,3743,0
155,Car,honda,jazz,petrol,2017,chennai,100000,137822,1,1,1,0,0,0,0,0,0,0,0,0,0,0,3469,0
156,Car,honda,jazz,petrol,2017,chennai,100000,129773,1,1,1,0,0,0,0,0,0,0,0,0,0,0,3468,0
157,Car,honda,jazz,petrol,2017,chennai,100000,90239,1,1,1,1,0,0,0,0,0,0,0,0,0,0,3894,0
158,Car,honda,jazz,petrol,2017,chennai,100000,94824,1,1,1,1,0,1,0,0,0,0,0,0,0,0,3725,0
159,Car,honda,jazz,petrol,2017,chennai,100000,96348,1,1,1,1,0,1,1,0,0,0,0,0,0,0,3743,0
160,Car,honda,jazz,petrol,2017,chennai,100000,94378,1,1,1,1,0,1,0,0,0,0,0,0,0,0,3804,0
161,Car,honda,jazz,petrol,2017,chennai,100000,99947,1,1,1,1,0,1,0,0,0,0,0,0,0,0,3479,0
162,Car,honda,amaze,diesel,2016,mumbai,10000,10021,1,1,0,0,0,0,0,0,0,0,0,0,0,0,2798,0
163,Car,honda,amaze,diesel,2016,mumbai,10000,10005,1,1,0,0,0,0,0,0,0,0,0,0,0,0,2680,0
164,Car,honda,amaze,diesel,2016,mumbai,10000,9980,1,1,0,0,0,0,0,0,0,0,0,0,0,0,2750,0
165,Car,honda,amaze,diesel,2016,mumbai,10000,10100,1,1,0,0,0,0,0,0,0,0,0,0,0,0,2700,0
166,Car,honda,amaze,diesel,2016,mumbai,10000,11004,1,1,0,0,0,0,0,0,0,0,0,0,0,0,2800,0
167,Car,honda,amaze,diesel,2016,mumbai,10000,10078,1,1,0,0,0,0,0,0,0,0,0,0,0,0,2500,0
168,Car,honda,amaze,diesel,2016,mumbai,10000,12001,1,1,0,0,0,0,0,0,0,0,0,0,0,0,2750,0
169,Car,honda,amaze,diesel,2016,mumbai,10000,10003,1,1,0,0,0,0,0,0,0,0,0,0,0,0,2700,0
170,Car,honda,amaze,diesel,2016,mumbai,10000,9800,1,1,0,0,0,0,0,0,0,0,0,0,0,0,2702,0
171,Car,honda,amaze,diesel,2016,mumbai,10000,10302,1,1,0,0,0,0,0,0,0,0,0,0,0,0,2720,0
172,Car,honda,amaze,diesel,2016,mumbai,10000,10288,1,1,0,0,0,0,0,0,0,0,0,0,0,0,2800,0
173,Car,honda,amaze,diesel,2016,mumbai,10000,10003,1,1,0,0,0,0,0,0,0,0,0,0,0,0,2770,0
174,Car,honda,amaze,diesel,2016,mumbai,10000,10200,1,1,0,0,0,0,0,0,0,0,0,0,0,0,3300,0
175,Car,honda,amaze,diesel,2016,mumbai,10000,10123,1,1,0,0,0,0,0,0,0,0,0,0,0,0,3450,0
176,Car,honda,amaze,diesel,2016,mumbai,10000,9992,1,1,1,0,0,0,0,0,0,0,0,0,0,0,3250,0
177,Car,honda,amaze,diesel,2016,mumbai,10000,10675,1,1,1,0,0,0,0,0,0,0,0,0,0,0,3500,0
178,Car,honda,amaze,diesel,2016,mumbai,10000,13987,1,1,1,0,0,0,0,0,0,0,0,0,0,0,6500,0
179,Car,honda,amaze,diesel,2016,mumbai,10000,14567,1,1,1,0,0,0,0,0,0,0,0,0,0,0,5500,0
180,Car,honda,amaze,diesel,2016,mumbai,10000,11002,1,1,1,0,0,0,0,0,0,0,0,0,0,0,7000,0
181,Car,honda,amaze,diesel,2016,mumbai,10000,12347,1,1,1,0,0,0,0,0,0,0,0,0,0,0,5500,0
182,Car,honda,amaze,diesel,2016,mumbai,20000,20003,1,1,1,0,1,0,0,0,0,0,0,0,0,0,5300,0
183,Car,honda,amaze,diesel,2016,mumbai,20000,17890,1,1,1,0,1,1,1,0,0,0,0,0,0,0,5500,0
184,Car,honda,amaze,diesel,2016,mumbai,20000,23000,1,1,1,0,1,1,1,0,0,0,0,0,0,0,5200,0
185,Car,honda,amaze,diesel,2016,mumbai,20000,21000,1,1,1,0,1,1,1,0,0,0,0,0,0,0,5350,0
186,Car,honda,amaze,diesel,2016,mumbai,20000,18907,1,1,1,0,1,1,1,0,0,0,0,0,0,0,5400,0
187,Car,honda,amaze,diesel,2016,mumbai,20000,21000,1,1,1,0,1,1,1,0,0,0,0,0,0,0,5500,0
188,Car,honda,amaze,diesel,2016,mumbai,20000,19009,1,1,1,0,1,1,1,0,0,0,0,0,0,0,5500,0
189,Car,honda,amaze,diesel,2016,mumbai,20000,19998,1,1,1,0,1,1,1,0,0,0,0,0,0,0,5300,0
190,Car,honda,amaze,diesel,2016,mumbai,20000,23212,1,1,1,0,1,1,1,0,0,0,0,0,0,0,5250,0
191,Car,honda,amaze,diesel,2016,mumbai,20000,18989,1,1,1,0,1,1,1,0,0,0,0,0,0,0,5350,0
192,Car,honda,amaze,diesel,2016,mumbai,20000,19878,1,1,1,0,1,1,1,0,0,0,0,0,0,0,5200,0
193,Car,honda,amaze,diesel,2016,mumbai,20000,22398,1,1,1,0,1,1,1,0,0,0,0,0,0,0,5300,0
194,Car,honda,amaze,diesel,2016,mumbai,20000,24567,1,1,1,0,1,1,1,0,0,0,0,0,0,0,5420,0
195,Car,honda,amaze,diesel,2016,mumbai,20000,21000,1,1,1,0,1,1,1,0,0,0,0,0,0,0,6500,0
196,Car,honda,amaze,diesel,2016,mumbai,20000,22009,1,1,1,0,1,1,1,0,0,0,0,0,0,0,7100,0
197,Car,honda,amaze,diesel,2016,mumbai,20000,20009,1,1,1,0,1,1,1,0,0,0,0,0,0,0,5900,0
198,Car,honda,amaze,diesel,2016,mumbai,20000,24509,1,1,1,0,1,1,1,0,0,0,0,0,0,0,6100,0
199,Car,honda,amaze,diesel,2016,mumbai,20000,15559,1,1,1,0,1,1,1,0,0,0,0,0,0,0,8750,0
200,Car,honda,amaze,diesel,2016,mumbai,20000,19000,1,1,1,0,1,1,1,0,0,0,0,0,0,0,8800,0
201,Car,honda,amaze,diesel,2016,mumbai,20000,24500,1,1,1,0,1,1,1,0,0,0,0,0,0,0,7890,0
202,Car,honda,amaze,diesel,2016,mumbai,20000,21000,1,1,1,0,1,1,1,0,0,0,0,0,0,0,9800,0
203,Car,honda,amaze,diesel,2016,mumbai,30000,30002,1,1,1,0,0,0,0,0,0,1,0,0,0,0,7000,0
204,Car,honda,amaze,diesel,2016,mumbai,30000,30102,1,1,1,0,0,0,0,0,0,1,0,0,0,0,7250,0
205,Car,honda,amaze,diesel,2016,mumbai,30000,34543,1,1,1,0,0,0,0,0,0,1,0,0,0,0,7100,0
206,Car,honda,amaze,diesel,2016,mumbai,30000,31289,1,1,1,0,0,0,0,0,0,1,0,0,0,0,7000,0
207,Car,honda,amaze,diesel,2016,mumbai,30000,33298,1,1,1,0,0,0,0,0,0,1,0,0,0,0,7150,0
208,Car,honda,amaze,diesel,2016,mumbai,30000,32987,1,1,1,0,0,0,0,0,0,1,0,0,0,0,7200,0
209,Car,honda,amaze,diesel,2016,mumbai,30000,30007,1,1,1,0,0,0,0,0,0,1,0,0,0,0,7000,0
210,Car,honda,amaze,diesel,2016,mumbai,30000,29998,1,1,1,0,0,0,0,0,0,1,0,0,0,0,7120,0
211,Car,honda,amaze,diesel,2016,mumbai,30000,31980,1,1,1,0,0,0,0,0,0,1,0,0,0,0,6900,0
212,Car,honda,amaze,diesel,2016,mumbai,30000,30009,1,1,1,0,0,0,0,0,0,1,0,0,0,0,7300,0
213,Car,honda,amaze,diesel,2016,mumbai,30000,34543,1,1,1,0,0,0,0,0,0,1,0,0,0,0,7250,0
214,Car,honda,amaze,diesel,2016,mumbai,30000,34543,1,1,1,0,0,0,0,0,0,1,0,0,0,0,7000,0
215,Car,honda,amaze,diesel,2016,mumbai,30000,28987,1,1,1,0,0,0,0,0,0,1,0,0,0,0,7100,0
216,Car,honda,amaze,diesel,2016,mumbai,30000,31654,1,1,1,0,0,0,0,0,0,1,0,0,0,0,8300,0
217,Car,honda,amaze,diesel,2016,mumbai,30000,31098,1,1,1,0,0,0,0,0,0,1,0,0,0,0,8250,0
218,Car,honda,amaze,diesel,2016,mumbai,30000,26789,1,1,1,0,0,0,0,0,0,1,0,0,0,0,8400,0
219,Car,honda,amaze,diesel,2016,mumbai,30000,32456,1,1,1,0,0,0,0,0,0,1,0,0,0,0,8150,0
220,Car,honda,amaze,diesel,2016,mumbai,30000,27865,1,1,1,0,0,0,0,0,0,1,0,0,0,0,10000,0
221,Car,honda,amaze,diesel,2016,mumbai,30000,29876,1,1,1,0,0,0,0,0,0,1,0,0,0,0,9500,0
222,Car,honda,amaze,diesel,2016,mumbai,30000,31245,1,1,1,0,0,0,0,0,0,1,0,0,0,0,9870,0
223,Car,honda,amaze,diesel,2016,mumbai,30000,33233,1,1,1,0,0,0,0,0,0,1,0,0,0,0,9100,0
224,Car,honda,amaze,diesel,2016,mumbai,40000,40100,1,1,1,0,0,1,1,0,0,0,0,1,1,0,6000,0
225,Car,honda,amaze,diesel,2016,mumbai,40000,43221,1,1,1,0,0,1,1,0,0,0,0,1,1,0,6950,0
226,Car,honda,amaze,diesel,2016,mumbai,40000,41098,1,1,1,0,0,1,1,0,0,0,0,1,1,0,6250,0
227,Car,honda,amaze,diesel,2016,mumbai,40000,42222,1,1,1,0,0,1,1,0,0,0,0,1,1,0,6000,0
228,Car,honda,amaze,diesel,2016,mumbai,40000,43766,1,1,1,0,0,1,1,0,0,0,0,1,1,0,6100,0
229,Car,honda,amaze,diesel,2016,mumbai,40000,41787,1,1,1,0,0,1,1,0,0,0,0,1,1,0,6200,0
230,Car,honda,amaze,diesel,2016,mumbai,40000,42234,1,1,1,0,0,1,1,0,0,0,0,1,1,0,6150,0
231,Car,honda,amaze,diesel,2016,mumbai,40000,42656,1,1,1,0,0,1,1,0,0,0,0,1,1,0,6100,0
232,Car,honda,amaze,diesel,2016,mumbai,40000,43298,1,1,1,0,0,1,1,0,0,0,0,1,1,0,5900,0
233,Car,honda,amaze,diesel,2016,mumbai,40000,42787,1,1,1,0,0,1,1,0,0,0,0,1,1,0,6000,0
234,Car,honda,amaze,diesel,2016,mumbai,40000,40093,1,1,1,0,0,1,1,0,0,0,0,1,1,0,6250,0
235,Car,honda,amaze,diesel,2016,mumbai,40000,41980,1,1,1,0,0,1,1,0,0,0,0,1,1,0,6000,0
236,Car,honda,amaze,diesel,2016,mumbai,40000,40105,1,1,1,0,0,1,1,0,0,0,0,1,1,0,6100,0
237,Car,honda,amaze,diesel,2016,mumbai,40000,43000,1,1,1,0,0,1,1,0,0,0,0,1,1,0,7300,0
238,Car,honda,amaze,diesel,2016,mumbai,40000,38789,1,1,1,0,0,1,1,0,0,0,0,1,1,0,7250,0
239,Car,honda,amaze,diesel,2016,mumbai,40000,44004,1,1,1,0,0,1,1,0,0,0,0,1,1,0,7100,0
240,Car,honda,amaze,diesel,2016,mumbai,40000,43898,1,1,1,0,0,1,1,0,0,0,0,1,1,0,7450,0
241,Car,honda,amaze,diesel,2016,mumbai,40000,41098,1,1,1,0,0,1,1,0,0,0,0,1,1,0,9500,0
242,Car,honda,amaze,diesel,2016,mumbai,40000,42000,1,1,1,0,0,1,1,0,0,0,0,1,1,0,8500,0
243,Car,honda,amaze,diesel,2016,mumbai,40000,39450,1,1,1,0,0,1,1,0,0,0,0,1,1,0,8250,0
244,Car,honda,amaze,diesel,2016,mumbai,40000,40105,1,1,1,0,0,1,1,0,0,0,0,1,1,0,8300,0
245,Car,honda,amaze,diesel,2016,mumbai,50000,50005,1,1,1,0,1,0,0,0,0,1,0,0,0,0,6950,0
246,Car,honda,amaze,diesel,2016,mumbai,50000,50100,1,1,1,0,1,0,0,0,0,1,0,0,0,0,6950,0
247,Car,honda,amaze,diesel,2016,mumbai,50000,51050,1,1,1,0,1,0,0,0,0,1,0,0,0,0,7200,0
248,Car,honda,amaze,diesel,2016,mumbai,50000,52000,1,1,1,0,1,0,0,0,0,1,0,0,0,0,6900,0
249,Car,honda,amaze,diesel,2016,mumbai,50000,49850,1,1,1,0,1,0,0,0,0,1,0,0,0,0,7000,0
250,Car,honda,amaze,diesel,2016,mumbai,50000,52500,1,1,1,0,1,0,0,0,0,1,0,0,0,0,7030,0
251,Car,honda,amaze,diesel,2016,mumbai,50000,47500,1,1,1,0,1,0,0,0,0,1,0,0,0,0,6930,0
252,Car,honda,amaze,diesel,2016,mumbai,50000,51250,1,1,1,0,1,0,0,0,0,1,0,0,0,0,6900,0
253,Car,honda,amaze,diesel,2016,mumbai,50000,50090,1,1,1,0,1,0,0,0,0,1,0,0,0,0,6750,0
254,Car,honda,amaze,diesel,2016,mumbai,50000,52100,1,1,1,0,1,0,0,0,0,1,0,0,0,0,6800,0
255,Car,honda,amaze,diesel,2016,mumbai,50000,51023,1,1,1,0,1,0,0,0,0,1,0,0,0,0,7150,0
256,Car,honda,amaze,diesel,2016,mumbai,50000,53909,1,1,1,0,1,0,0,0,0,1,0,0,0,0,7100,0
257,Car,honda,amaze,diesel,2016,mumbai,50000,54098,1,1,1,0,1,0,0,0,0,1,0,0,0,0,6950,0
258,Car,honda,amaze,diesel,2016,mumbai,50000,52345,1,1,1,0,1,0,0,0,0,1,0,0,0,0,8050,0
259,Car,honda,amaze,diesel,2016,mumbai,50000,51098,1,1,1,0,1,0,0,0,0,1,0,0,0,0,8100,0
260,Car,honda,amaze,diesel,2016,mumbai,50000,52342,1,1,1,0,1,0,0,0,0,1,0,0,0,0,8200,0
261,Car,honda,amaze,diesel,2016,mumbai,50000,51098,1,1,1,0,1,0,0,0,0,1,0,0,0,0,8000,0
262,Car,honda,amaze,diesel,2016,mumbai,50000,51231,1,1,1,0,1,0,0,0,0,1,0,0,0,0,9250,0
263,Car,honda,amaze,diesel,2016,mumbai,50000,50987,1,1,1,0,1,0,0,0,0,1,0,0,0,0,8900,0
264,Car,honda,amaze,diesel,2016,mumbai,50000,49878,1,1,1,0,0,0,0,0,0,1,0,0,0,0,9250,0
265,Car,honda,amaze,diesel,2016,mumbai,50000,50100,1,1,1,0,0,0,0,0,0,1,0,0,0,0,9000,0
266,Car,honda,amaze,diesel,2016,mumbai,60000,61580,1,1,1,0,0,1,1,0,1,0,1,0,0,0,7400,0
267,Car,honda,amaze,diesel,2016,mumbai,60000,60765,1,1,1,0,0,1,1,0,1,0,1,0,0,0,7250,0
268,Car,honda,amaze,diesel,2016,mumbai,60000,60272,1,1,1,0,0,1,1,0,1,0,1,0,0,0,7350,0
269,Car,honda,amaze,diesel,2016,mumbai,60000,60347,1,1,1,0,0,1,1,0,1,0,1,0,0,0,7300,0
270,Car,honda,amaze,diesel,2016,mumbai,60000,60322,1,1,1,0,0,1,1,0,1,0,1,0,0,0,7450,0
271,Car,honda,amaze,diesel,2016,mumbai,60000,60347,1,1,1,0,0,1,1,0,1,0,1,0,0,0,7600,0
272,Car,honda,amaze,diesel,2016,mumbai,60000,60473,1,1,1,0,0,1,1,0,1,0,1,0,0,0,7500,0
273,Car,honda,amaze,diesel,2016,mumbai,60000,61009,1,1,1,0,0,1,1,0,1,0,1,0,0,0,7290,0
274,Car,honda,amaze,diesel,2016,mumbai,60000,59498,1,1,1,0,0,1,1,0,1,0,1,0,0,0,7350,0
275,Car,honda,amaze,diesel,2016,mumbai,60000,57976,1,1,1,0,0,1,1,0,1,0,1,0,0,0,7400,0
276,Car,honda,amaze,diesel,2016,mumbai,60000,55789,1,1,1,0,0,1,1,0,1,0,1,0,0,0,7700,0
277,Car,honda,amaze,diesel,2016,mumbai,60000,61075,1,1,1,0,0,1,1,0,1,0,1,0,0,0,7250,0
278,Car,honda,amaze,diesel,2016,mumbai,60000,66098,1,1,1,0,0,1,1,0,1,0,1,0,0,0,7450,0
279,Car,honda,amaze,diesel,2016,mumbai,60000,60975,1,1,1,0,0,1,1,0,1,0,1,0,0,0,8400,0
280,Car,honda,amaze,diesel,2016,mumbai,60000,56094,1,1,1,0,0,1,1,0,1,0,1,0,0,0,8250,0
281,Car,honda,amaze,diesel,2016,mumbai,60000,54986,1,1,1,0,0,1,1,0,1,0,1,0,0,0,8200,0
282,Car,honda,amaze,diesel,2016,mumbai,60000,58342,1,1,1,0,0,1,1,0,1,0,1,0,0,0,8300,0
283,Car,honda,amaze,diesel,2016,mumbai,60000,58098,1,1,1,0,0,1,1,0,1,0,1,0,0,0,12000,0
284,Car,honda,amaze,diesel,2016,mumbai,60000,65093,1,1,1,0,0,1,1,0,1,0,1,0,0,0,11050,0
285,Car,honda,amaze,diesel,2016,mumbai,60000,60347,1,1,1,0,0,1,1,0,1,0,1,0,0,0,10500,0
286,Car,honda,amaze,diesel,2016,mumbai,60000,61372,1,1,1,0,0,1,1,0,1,0,1,0,0,0,11000,0
287,Car,honda,amaze,diesel,2016,mumbai,60000,60437,1,1,1,0,0,1,1,0,1,0,1,0,0,0,8200,0
288,Car,honda,amaze,diesel,2016,mumbai,70000,70262,1,1,1,0,1,0,0,0,1,1,1,1,0,0,8205,0
289,Car,honda,amaze,diesel,2016,mumbai,70000,70373,1,1,1,0,1,0,0,0,1,1,1,1,0,0,8350,0
290,Car,honda,amaze,diesel,2016,mumbai,70000,70764,1,1,1,0,1,0,0,0,1,1,1,1,0,0,8400,0
291,Car,honda,amaze,diesel,2016,mumbai,70000,70384,1,1,1,0,1,0,0,0,0,1,0,1,0,0,8200,0
292,Car,honda,amaze,diesel,2016,mumbai,70000,70976,1,1,1,0,1,0,0,0,0,1,0,1,0,0,8200,0
293,Car,honda,amaze,diesel,2016,mumbai,70000,71253,1,1,1,0,1,0,0,0,0,1,0,1,0,0,8250,0
294,Car,honda,amaze,diesel,2016,mumbai,70000,70311,1,1,1,0,1,0,0,0,0,1,0,1,0,0,8230,0
295,Car,honda,amaze,diesel,2016,mumbai,70000,70789,1,1,1,0,1,0,0,0,0,1,0,1,0,0,8100,0
296,Car,honda,amaze,diesel,2016,mumbai,70000,70098,1,1,1,0,1,0,0,0,0,1,0,1,0,0,8250,0
297,Car,honda,amaze,diesel,2016,mumbai,70000,69432,1,1,1,0,1,0,0,0,0,1,0,1,0,0,8300,0
298,Car,honda,amaze,diesel,2016,mumbai,70000,70894,1,1,1,0,1,0,0,0,0,1,0,1,0,0,8100,0
299,Car,honda,amaze,diesel,2016,mumbai,70000,70753,1,1,1,0,1,0,0,0,0,1,0,1,0,0,8250,0
300,Car,honda,amaze,diesel,2016,mumbai,70000,70756,1,1,1,0,1,0,0,0,0,1,0,1,0,0,9750,0
301,Car,honda,amaze,diesel,2016,mumbai,70000,70890,1,1,1,0,1,0,0,0,0,1,0,1,0,0,9300,0
302,Car,honda,amaze,diesel,2016,mumbai,70000,70473,1,1,1,0,1,0,0,0,0,1,0,1,0,0,9250,0
303,Car,honda,amaze,diesel,2016,mumbai,70000,70985,1,1,1,0,1,0,0,0,0,1,0,1,0,0,9500,0
304,Car,honda,amaze,diesel,2016,mumbai,70000,70342,1,1,1,0,1,0,0,0,0,1,0,1,1,1,13250,0
305,Car,honda,amaze,diesel,2016,mumbai,70000,70033,1,1,1,0,1,0,0,0,0,1,0,1,1,0,13450,0
306,Car,honda,amaze,diesel,2016,mumbai,70000,70653,1,1,1,0,1,0,0,0,0,1,0,1,1,1,12500,0
307,Car,honda,amaze,diesel,2016,mumbai,70000,70373,1,1,1,0,1,0,0,0,0,1,0,1,1,0,13000,0
308,Car,honda,amaze,diesel,2016,mumbai,80000,82238,1,1,1,0,0,1,1,0,0,0,0,0,0,0,9400,0
309,Car,honda,amaze,diesel,2016,mumbai,80000,89843,1,1,1,0,0,1,1,0,0,0,0,0,0,0,9550,0
310,Car,honda,amaze,diesel,2016,mumbai,80000,85347,1,1,1,0,0,1,1,0,0,0,0,0,0,0,9450,0
311,Car,honda,amaze,diesel,2016,mumbai,80000,82782,1,1,1,0,0,1,1,0,0,0,0,0,0,0,9350,0
312,Car,honda,amaze,diesel,2016,mumbai,80000,80238,1,1,1,0,0,1,1,0,0,0,0,0,0,0,9500,0
313,Car,honda,amaze,diesel,2016,mumbai,80000,88236,1,1,1,0,0,1,1,0,0,0,0,0,0,0,9700,0
314,Car,honda,amaze,diesel,2016,mumbai,80000,86235,1,1,1,0,0,1,1,0,0,0,0,0,0,0,9850,0
315,Car,honda,amaze,diesel,2016,mumbai,100000,117842,1,1,1,0,0,0,0,0,1,0,1,0,0,1,11250,0
316,Car,honda,amaze,diesel,2016,mumbai,100000,103282,1,1,1,0,0,0,0,0,1,0,1,0,0,1,11050,0
317,Car,honda,amaze,diesel,2016,mumbai,100000,102392,1,1,1,0,0,0,0,0,1,0,1,0,0,1,10500,0
318,Car,honda,amaze,diesel,2016,mumbai,100000,112722,1,1,1,0,0,0,0,0,1,0,1,0,0,1,10900,0
319,Car,honda,amaze,diesel,2016,mumbai,100000,90327,1,1,1,0,1,0,0,0,0,1,0,0,0,0,13000,0
320,Car,honda,amaze,diesel,2016,mumbai,100000,90272,1,1,1,0,1,0,0,0,0,1,0,0,0,1,13850,0
321,Car,honda,amaze,diesel,2016,mumbai,100000,90322,1,1,1,0,1,0,0,0,0,1,0,0,0,1,13500,0
322,Car,honda,amaze,diesel,2016,mumbai,100000,90998,1,1,1,0,1,0,0,0,0,1,0,0,0,0,14000,0
323,Car,honda,amaze,petrol,2017,chennai,10000,10327,1,1,0,0,1,0,0,0,0,0,0,0,0,0,1410,0
324,Car,honda,amaze,petrol,2017,chennai,10000,10469,1,1,0,0,1,0,0,0,0,0,0,0,0,0,1487,0
325,Car,honda,amaze,petrol,2017,chennai,10000,10548,1,1,0,0,0,0,0,0,0,0,0,0,0,0,1497,0
326,Car,honda,amaze,petrol,2017,chennai,10000,10639,1,1,0,0,0,0,0,0,0,0,0,0,0,0,1450,0
327,Car,honda,amaze,petrol,2017,chennai,10000,10341,1,1,0,0,0,0,0,0,0,0,0,0,0,0,1479,0
328,Car,honda,amaze,petrol,2017,chennai,10000,10534,1,1,0,0,0,0,0,0,0,0,0,0,0,0,1497,0
329,Car,honda,amaze,petrol,2017,chennai,10000,10231,1,1,0,0,1,0,0,0,0,0,0,0,0,0,1500,0
330,Car,honda,amaze,petrol,2017,chennai,10000,10659,1,1,0,0,0,0,0,0,0,0,0,0,0,0,1399,0
331,Car,honda,amaze,petrol,2017,chennai,10000,11236,1,1,0,0,0,0,0,0,0,0,0,0,0,0,1499,0
332,Car,honda,amaze,petrol,2017,chennai,10000,10860,1,1,0,0,0,0,0,0,0,0,0,0,0,0,1510,0
333,Car,honda,amaze,petrol,2017,chennai,10000,10457,1,1,0,0,0,0,0,0,0,0,0,0,0,0,1550,0
334,Car,honda,amaze,petrol,2017,chennai,10000,11468,1,1,0,0,0,0,0,0,0,0,0,0,0,0,1523,0
335,Car,honda,amaze,petrol,2017,chennai,10000,9075,1,1,0,0,0,0,0,0,0,0,0,0,0,0,1482,0
336,Car,honda,amaze,petrol,2017,chennai,10000,10234,1,1,0,0,0,0,0,0,0,0,0,0,0,0,1482,0
337,Car,honda,amaze,petrol,2017,chennai,10000,10647,1,1,0,0,1,0,0,0,0,0,0,0,0,0,1830,0
338,Car,honda,amaze,petrol,2017,chennai,10000,9766,1,1,0,0,0,0,0,0,0,0,0,0,0,0,1910,0
339,Car,honda,amaze,petrol,2017,chennai,10000,10647,1,1,1,0,0,0,0,0,0,0,0,0,0,0,1838,0
340,Car,honda,amaze,petrol,2017,chennai,10000,10467,1,1,1,0,1,0,0,0,0,0,0,0,0,0,1847,0
341,Car,honda,amaze,petrol,2017,chennai,10000,10654,1,1,1,0,1,0,0,0,0,0,0,0,0,0,1862,0
342,Car,honda,amaze,petrol,2017,chennai,10000,11244,1,1,1,0,1,0,0,0,0,0,0,0,0,0,1899,0
343,Car,honda,amaze,petrol,2017,chennai,10000,10326,1,1,1,0,0,0,0,0,0,0,0,0,0,0,1890,0
344,Car,honda,amaze,petrol,2017,chennai,20000,20657,1,1,1,0,0,1,0,0,0,0,0,0,0,0,3860,0
345,Car,honda,amaze,petrol,2017,chennai,20000,20732,1,1,1,0,0,1,0,0,0,0,0,0,0,0,3999,0
346,Car,honda,amaze,petrol,2017,chennai,20000,20327,1,1,1,0,0,1,0,0,0,0,0,0,0,0,3899,0
347,Car,honda,amaze,petrol,2017,chennai,20000,20474,1,1,1,0,0,1,0,0,0,0,0,0,0,0,3821,0
348,Car,honda,amaze,petrol,2017,chennai,20000,20473,1,1,1,0,0,1,0,0,0,0,0,0,0,0,3932,0
349,Car,honda,amaze,petrol,2017,chennai,20000,20436,1,1,1,0,0,1,0,0,0,0,0,0,0,0,3829,0
350,Car,honda,amaze,petrol,2017,chennai,20000,20859,1,1,1,0,0,1,0,0,0,0,0,0,0,0,3997,0
351,Car,honda,amaze,petrol,2017,chennai,20000,20908,1,1,1,0,0,1,0,0,0,0,0,0,0,0,3964,0
352,Car,honda,amaze,petrol,2017,chennai,20000,21382,1,1,1,0,0,1,0,0,0,0,0,0,0,0,4100,0
353,Car,honda,amaze,petrol,2017,chennai,20000,19732,1,1,1,0,0,1,0,0,0,0,0,0,0,0,3973,0
354,Car,honda,amaze,petrol,2017,chennai,20000,20823,1,1,1,0,1,1,0,0,0,0,0,0,0,0,3974,0
355,Car,honda,amaze,petrol,2017,chennai,20000,20373,1,1,1,0,1,1,0,0,0,0,0,0,0,0,3982,0
356,Car,honda,amaze,petrol,2017,chennai,20000,20472,1,1,1,0,1,1,0,0,0,0,0,0,0,0,3836,0
357,Car,honda,amaze,petrol,2017,chennai,20000,19236,1,1,1,0,1,1,0,0,0,0,0,0,0,0,3897,0
358,Car,honda,amaze,petrol,2017,chennai,20000,20274,1,1,1,0,0,1,0,0,0,0,0,0,0,0,3977,0
359,Car,honda,amaze,petrol,2017,chennai,20000,20769,1,1,1,0,0,1,0,0,0,0,0,0,0,0,3999,0
360,Car,honda,amaze,petrol,2017,chennai,20000,20579,1,1,1,0,1,1,0,0,0,0,0,0,0,0,4030,0
361,Car,honda,amaze,petrol,2017,chennai,20000,21732,1,1,1,0,0,1,0,0,0,0,0,0,0,0,4020,0
362,Car,honda,amaze,petrol,2017,chennai,20000,20437,1,1,1,0,0,1,0,0,0,0,0,0,0,0,4099,0
363,Car,honda,amaze,petrol,2017,chennai,20000,20756,1,1,1,0,0,1,0,0,0,0,0,0,0,0,4074,0
364,Car,honda,amaze,petrol,2017,chennai,30000,30832,1,1,1,0,0,0,1,0,0,0,0,0,0,0,4410,0
365,Car,honda,amaze,petrol,2017,chennai,30000,30272,1,1,1,0,0,0,1,0,0,0,0,0,0,0,4500,0
366,Car,honda,amaze,petrol,2017,chennai,30000,30597,1,1,1,0,0,0,1,0,0,0,0,0,0,0,4489,0
367,Car,honda,amaze,petrol,2017,chennai,30000,31820,1,1,1,0,0,0,1,0,0,0,0,0,0,0,4799,0
368,Car,honda,amaze,petrol,2017,chennai,30000,30317,1,1,1,0,0,0,1,0,0,0,0,0,0,0,4599,0
369,Car,honda,amaze,petrol,2017,chennai,30000,30328,1,1,1,0,0,0,1,0,0,0,0,0,0,0,4399,0
370,Car,honda,amaze,petrol,2017,chennai,30000,30372,1,1,1,0,0,0,1,0,0,0,0,0,0,0,4389,0
371,Car,honda,amaze,petrol,2017,chennai,30000,29633,1,1,1,0,0,0,1,0,0,0,0,0,0,0,4454,0
372,Car,honda,amaze,petrol,2017,chennai,30000,30286,1,1,1,0,0,0,1,0,0,0,0,0,0,0,4487,0
373,Car,honda,amaze,petrol,2017,chennai,30000,30382,1,1,1,0,0,0,1,0,0,0,0,0,0,0,4483,0
374,Car,honda,amaze,petrol,2017,chennai,30000,30211,1,1,1,0,0,0,1,0,0,0,0,0,0,0,4478,0
375,Car,honda,amaze,petrol,2017,chennai,30000,30742,1,1,1,0,0,0,1,0,0,0,0,0,0,0,4449,0
376,Car,honda,amaze,petrol,2017,chennai,30000,30986,1,1,1,0,0,0,1,0,0,0,0,0,0,0,4920,0
377,Car,honda,amaze,petrol,2017,chennai,30000,30238,1,1,1,0,0,0,1,0,0,0,0,0,0,0,4910,0
378,Car,honda,amaze,petrol,2017,chennai,30000,30328,1,1,1,0,0,0,1,0,0,0,0,0,0,0,4999,0
379,Car,honda,amaze,petrol,2017,chennai,30000,30248,1,1,1,0,0,0,1,0,0,0,0,0,0,0,4899,0
380,Car,honda,amaze,petrol,2017,chennai,30000,31722,1,1,1,0,0,0,1,0,0,0,0,0,0,0,5100,0
381,Car,honda,amaze,petrol,2017,chennai,30000,30827,1,1,1,0,0,0,1,0,0,0,0,0,0,0,5099,0
382,Car,honda,amaze,petrol,2017,chennai,30000,30238,1,1,1,0,0,0,1,0,0,0,0,0,0,0,5189,0
383,Car,honda,amaze,petrol,2017,chennai,30000,30278,1,1,1,0,0,0,1,0,0,0,0,0,0,0,5149,0
384,Car,honda,amaze,petrol,2017,chennai,40000,40279,1,1,1,0,0,1,0,1,0,1,0,0,0,0,5200,0
385,Car,honda,amaze,petrol,2017,chennai,40000,40379,1,1,1,0,0,1,0,1,0,1,0,0,0,0,5199,0
386,Car,honda,amaze,petrol,2017,chennai,40000,42082,1,1,1,0,0,1,0,1,0,1,0,0,0,0,5299,0
387,Car,honda,amaze,petrol,2017,chennai,40000,40272,1,1,1,0,0,1,0,1,0,1,0,0,0,0,5289,0
388,Car,honda,amaze,petrol,2017,chennai,40000,40733,1,1,1,0,0,1,0,1,0,1,0,0,0,0,5249,0
389,Car,honda,amaze,petrol,2017,chennai,40000,41382,1,1,1,0,0,1,0,1,0,1,0,0,0,0,5399,0
390,Car,honda,amaze,petrol,2017,chennai,40000,40289,1,1,1,0,0,1,0,1,0,1,0,0,0,0,5310,0
391,Car,honda,amaze,petrol,2017,chennai,40000,39236,1,1,1,0,0,1,0,1,0,1,0,0,0,0,5329,0
392,Car,honda,amaze,petrol,2017,chennai,40000,40722,1,1,1,0,0,1,0,1,0,1,0,0,0,0,5392,0
393,Car,honda,amaze,petrol,2017,chennai,40000,40283,1,1,1,0,0,1,0,1,0,1,0,0,0,0,5374,0
394,Car,honda,amaze,petrol,2017,chennai,40000,40287,1,1,1,0,0,1,0,1,0,1,0,0,0,0,5399,0
395,Car,honda,amaze,petrol,2017,chennai,40000,39723,1,1,1,0,0,1,0,1,0,1,0,0,0,0,5319,0
396,Car,honda,amaze,petrol,2017,chennai,40000,41372,1,1,1,0,0,1,0,1,0,1,0,0,0,0,5378,0
397,Car,honda,amaze,petrol,2017,chennai,40000,40427,1,1,1,0,0,1,0,1,0,1,0,0,0,0,5400,0
398,Car,honda,amaze,petrol,2017,chennai,40000,40282,1,1,1,0,0,1,0,1,0,1,0,0,0,0,5789,0
399,Car,honda,amaze,petrol,2017,chennai,40000,40797,1,1,1,0,0,1,0,1,0,1,0,0,0,0,5699,0
400,Car,honda,amaze,petrol,2017,chennai,40000,40775,1,1,1,0,0,1,0,1,0,1,0,0,0,0,5719,0
401,Car,honda,amaze,petrol,2017,chennai,40000,40487,1,1,1,0,0,1,0,1,0,1,0,0,0,0,5723,0
402,Car,honda,amaze,petrol,2017,chennai,40000,40795,1,1,1,0,0,1,0,1,0,1,0,0,0,0,5800,0
403,Car,honda,amaze,petrol,2017,chennai,40000,40479,1,1,1,0,0,1,0,1,0,1,0,0,0,0,5749,0
404,Car,honda,amaze,petrol,2017,chennai,50000,50392,1,1,1,0,0,0,0,0,0,0,0,0,0,0,4560,0
405,Car,honda,amaze,petrol,2017,chennai,50000,52100,1,1,1,0,0,0,0,0,0,0,0,0,0,0,4600,0
406,Car,honda,amaze,petrol,2017,chennai,50000,51023,1,1,1,0,0,0,0,0,0,0,0,0,0,0,4599,0
407,Car,honda,amaze,petrol,2017,chennai,50000,53909,1,1,1,0,0,0,0,0,0,0,0,0,0,0,4589,0
408,Car,honda,amaze,petrol,2017,chennai,50000,54098,1,1,1,0,0,0,0,0,0,0,0,0,0,0,4579,0
409,Car,honda,amaze,petrol,2017,chennai,50000,50438,1,1,1,0,0,0,0,0,0,0,0,0,0,0,4569,0
410,Car,honda,amaze,petrol,2017,chennai,50000,51832,1,1,1,0,0,0,0,0,0,0,0,0,0,0,4559,0
411,Car,honda,amaze,petrol,2017,chennai,50000,49732,1,1,1,0,0,0,0,0,0,0,0,0,0,0,4579,0
412,Car,honda,amaze,petrol,2017,chennai,50000,49028,1,1,1,0,0,0,0,0,0,0,0,1,0,0,4584,0
413,Car,honda,amaze,petrol,2017,chennai,50000,50373,1,1,1,0,0,0,0,0,0,0,0,1,0,0,4597,0
414,Car,honda,amaze,petrol,2017,chennai,50000,50342,1,1,1,0,0,0,0,0,0,0,0,1,0,0,4573,0
415,Car,honda,amaze,petrol,2017,chennai,50000,50384,1,1,1,0,0,0,0,0,0,0,0,1,0,0,4586,0
416,Car,honda,amaze,petrol,2017,chennai,50000,50878,1,1,1,0,0,0,0,0,0,0,0,1,0,0,4588,0
417,Car,honda,amaze,petrol,2017,chennai,50000,50754,1,1,1,0,0,0,0,0,0,0,0,1,0,0,4799,0
418,Car,honda,amaze,petrol,2017,chennai,50000,51437,1,1,1,0,0,0,0,0,0,0,0,1,0,0,4789,0
419,Car,honda,amaze,petrol,2017,chennai,50000,50347,1,1,1,0,1,0,0,0,0,0,0,1,0,0,4800,0
420,Car,honda,amaze,petrol,2017,chennai,50000,50354,1,1,1,0,1,0,0,0,0,0,0,1,0,0,4796,0
421,Car,honda,amaze,petrol,2017,chennai,50000,50578,1,1,1,0,0,0,0,0,0,0,0,1,0,0,5899,0
422,Car,honda,amaze,petrol,2017,chennai,50000,50896,1,1,1,0,1,0,0,0,0,0,0,1,0,0,5799,0
423,Car,honda,amaze,petrol,2017,chennai,50000,50373,1,1,1,0,0,0,0,0,0,0,0,1,0,0,5749,0
424,Car,honda,amaze,petrol,2017,chennai,60000,60292,1,1,1,0,0,1,0,0,1,0,1,1,1,0,6890,0
425,Car,honda,amaze,petrol,2017,chennai,60000,60383,1,1,1,0,0,1,0,0,1,0,1,1,1,0,6899,0
426,Car,honda,amaze,petrol,2017,chennai,60000,60437,1,1,1,0,0,1,0,0,1,0,1,1,1,0,6800,0
427,Car,honda,amaze,petrol,2017,chennai,60000,60232,1,1,1,0,0,1,0,0,1,0,1,1,1,0,6799,0
428,Car,honda,amaze,petrol,2017,chennai,60000,60383,1,1,1,0,0,1,0,0,1,0,1,1,1,0,6820,0
429,Car,honda,amaze,petrol,2017,chennai,60000,60332,1,1,1,0,0,1,0,0,1,0,1,1,1,0,6830,0
430,Car,honda,amaze,petrol,2017,chennai,60000,60427,1,1,1,0,0,1,0,0,1,0,1,1,1,0,6859,0
431,Car,honda,amaze,petrol,2017,chennai,60000,60349,1,1,1,0,0,1,0,0,1,0,1,1,1,0,6849,0
432,Car,honda,amaze,petrol,2017,chennai,60000,60374,1,1,1,0,0,1,0,0,1,0,1,0,1,0,6900,0
433,Car,honda,amaze,petrol,2017,chennai,60000,60694,1,1,1,0,0,1,0,0,1,0,1,0,1,0,6888,0
434,Car,honda,amaze,petrol,2017,chennai,60000,61379,1,1,1,0,0,1,0,0,1,0,1,0,1,0,6789,0
435,Car,honda,amaze,petrol,2017,chennai,60000,59262,1,1,1,0,0,1,0,0,1,0,1,0,1,0,6839,0
436,Car,honda,amaze,petrol,2017,chennai,60000,60347,1,1,1,0,0,1,0,0,1,0,1,0,1,0,6949,0
437,Car,honda,amaze,petrol,2017,chennai,60000,60544,1,1,1,0,0,1,0,0,1,0,1,0,1,0,6899,0
438,Car,honda,amaze,petrol,2017,chennai,60000,61322,1,1,1,0,0,1,0,0,1,0,1,0,1,0,6890,0
439,Car,honda,amaze,petrol,2017,chennai,60000,60548,1,1,1,0,0,1,1,0,1,0,1,0,1,0,6910,0
440,Car,honda,amaze,petrol,2017,chennai,60000,62289,1,1,1,0,0,1,1,0,1,0,1,0,1,0,6999,0
441,Car,honda,amaze,petrol,2017,chennai,60000,60343,1,1,1,0,0,1,1,0,1,0,1,0,1,0,6989,0
442,Car,honda,amaze,petrol,2017,chennai,60000,60437,1,1,1,0,0,1,1,0,1,0,1,0,1,0,6900,0
443,Car,honda,amaze,petrol,2017,chennai,60000,60353,1,1,1,0,0,1,0,0,1,0,1,0,1,0,6910,0
444,Car,honda,amaze,petrol,2017,chennai,70000,70347,1,1,1,0,0,0,0,0,0,0,0,0,0,0,1499,0
445,Car,honda,amaze,petrol,2017,chennai,70000,70547,1,1,1,0,1,0,0,0,0,0,0,0,0,0,1469,0
446,Car,honda,amaze,petrol,2017,chennai,70000,70483,1,1,1,0,1,0,0,0,0,0,0,0,0,0,1450,0
447,Car,honda,amaze,petrol,2017,chennai,70000,70785,1,1,1,0,1,0,0,0,0,0,0,0,0,0,1479,0
448,Car,honda,amaze,petrol,2017,chennai,70000,71032,1,1,1,0,1,0,0,0,0,0,0,0,0,0,1497,0
449,Car,honda,amaze,petrol,2017,chennai,70000,71372,1,1,1,0,1,0,0,0,0,0,0,0,0,0,1500,0
450,Car,honda,amaze,petrol,2017,chennai,70000,70321,1,1,1,0,1,0,0,0,0,0,0,0,0,0,1399,0
451,Car,honda,amaze,petrol,2017,chennai,70000,70232,1,1,1,0,1,0,0,0,0,0,0,0,0,0,1499,0
452,Car,honda,amaze,petrol,2017,chennai,70000,69322,1,1,1,0,1,0,0,0,0,0,0,0,0,0,1510,0
453,Car,honda,amaze,petrol,2017,chennai,70000,70237,1,1,1,0,1,0,0,0,0,0,0,0,0,0,1550,0
454,Car,honda,amaze,petrol,2017,chennai,70000,70327,1,1,1,0,0,0,0,0,0,0,0,0,0,0,1523,0
455,Car,honda,amaze,petrol,2017,chennai,70000,71326,1,1,1,0,0,0,0,0,0,0,0,0,0,0,1600,0
456,Car,honda,amaze,petrol,2017,chennai,70000,70237,1,1,1,0,0,0,0,0,0,0,0,0,0,0,1599,0
457,Car,honda,amaze,petrol,2017,chennai,70000,70895,1,1,1,0,0,0,0,0,0,0,0,0,0,0,1610,0
458,Car,honda,amaze,petrol,2017,chennai,70000,69923,1,1,1,0,0,0,0,0,0,0,0,0,0,0,1620,0
459,Car,honda,amaze,petrol,2017,chennai,70000,69090,1,1,1,0,0,0,0,1,0,1,0,0,0,0,1623,0
460,Car,honda,amaze,petrol,2017,chennai,70000,70327,1,1,1,0,0,0,0,1,0,1,0,0,0,0,1799,0
461,Car,honda,amaze,petrol,2017,chennai,70000,70328,1,1,1,0,0,0,0,1,0,1,0,0,0,0,1800,0
462,Car,honda,amaze,petrol,2017,chennai,70000,70685,1,1,1,0,0,0,0,1,0,0,0,0,0,0,1899,0
463,Car,honda,amaze,petrol,2017,chennai,70000,70745,1,1,1,0,0,0,0,0,0,0,0,0,0,0,1910,0
464,Car,honda,amaze,petrol,2017,chennai,80000,82028,1,1,1,0,0,1,1,1,0,0,0,0,0,0,5399,0
465,Car,honda,amaze,petrol,2017,chennai,80000,84722,1,1,1,0,0,1,1,1,0,0,0,0,0,0,5319,0
466,Car,honda,amaze,petrol,2017,chennai,80000,88431,1,1,1,0,0,1,1,1,0,0,0,0,0,0,5378,0
467,Car,honda,amaze,petrol,2017,chennai,80000,86222,1,1,1,0,0,1,1,1,0,0,0,0,0,0,5400,0
468,Car,honda,amaze,petrol,2017,chennai,80000,89233,1,1,1,0,0,1,1,1,0,1,0,0,0,0,5789,0
469,Car,honda,amaze,petrol,2017,chennai,80000,81362,1,1,1,0,0,1,1,1,0,1,0,0,0,0,5699,0
470,Car,honda,amaze,petrol,2017,chennai,80000,89237,1,1,1,0,0,1,1,1,0,0,0,0,0,0,5719,0
471,Car,honda,amaze,petrol,2017,chennai,80000,85322,1,1,1,0,0,1,1,1,0,0,0,0,0,0,5723,0
472,Car,honda,amaze,petrol,2017,chennai,80000,83842,1,1,1,0,0,1,1,1,0,0,0,0,0,0,5555,0
473,Car,honda,amaze,petrol,2017,chennai,80000,87322,1,1,1,0,0,1,1,1,0,0,0,0,0,0,5599,0
474,Car,honda,amaze,petrol,2017,chennai,80000,80469,1,1,1,0,0,1,1,1,0,0,0,0,0,0,5499,0
475,Car,honda,amaze,petrol,2017,chennai,100000,103723,1,1,1,0,0,1,0,0,1,0,1,0,0,0,3821,0
476,Car,honda,amaze,petrol,2017,chennai,100000,113244,1,1,1,0,0,0,0,0,1,0,1,0,0,0,3932,0
477,Car,honda,amaze,petrol,2017,chennai,100000,127229,1,1,1,0,0,0,0,0,1,0,1,0,0,0,3829,0
478,Car,honda,amaze,petrol,2017,chennai,100000,109931,1,1,1,0,0,0,0,0,0,0,1,0,0,0,3997,0
479,Car,honda,amaze,petrol,2017,chennai,100000,90327,1,1,1,0,0,0,0,0,0,0,0,0,1,0,3899,0
480,Car,honda,amaze,petrol,2017,chennai,100000,99323,1,1,1,0,0,0,0,0,0,0,0,0,0,0,1800,0
481,Car,honda,amaze,petrol,2017,chennai,100000,93642,1,1,1,0,0,0,0,0,0,0,0,0,0,0,1899,0
482,Car,honda,amaze,petrol,2017,chennai,100000,96482,1,1,1,0,0,0,0,0,0,0,0,0,0,0,1820,0
483,Car,honda,jazz,diesel,2018,mumbai,10000,10923,1,1,1,0,0,0,0,0,0,0,0,0,0,0,2000,0
484,Car,honda,jazz,diesel,2016,mumbai,10000,10438,1,1,1,0,0,0,0,0,0,0,0,0,0,0,2348,0
485,Car,honda,jazz,diesel,2016,mumbai,10000,11004,1,1,1,0,0,0,0,0,0,0,0,0,0,0,2449,0
486,Car,honda,jazz,diesel,2016,mumbai,10000,10078,1,1,1,0,0,0,0,0,0,0,0,0,0,0,2399,0
487,Car,honda,jazz,diesel,2016,mumbai,10000,12001,1,1,1,0,0,0,0,0,0,0,0,0,0,0,2389,0
488,Car,honda,jazz,diesel,2016,mumbai,10000,10003,1,1,1,0,0,0,0,0,0,0,0,0,0,0,2310,0
489,Car,honda,jazz,diesel,2016,mumbai,10000,9800,1,1,1,0,0,0,0,0,0,0,0,0,0,0,2379,0
490,Car,honda,jazz,diesel,2016,mumbai,10000,10302,1,1,1,0,0,0,0,0,0,0,0,0,0,0,2369,0
491,Car,honda,jazz,diesel,2016,mumbai,10000,10288,1,1,1,0,0,0,0,0,0,0,0,0,0,0,2399,0
492,Car,honda,jazz,diesel,2016,mumbai,10000,10003,1,1,1,0,0,0,0,0,0,0,0,0,0,0,2469,0
493,Car,honda,jazz,diesel,2016,mumbai,10000,10200,1,1,1,0,0,0,0,0,0,0,0,0,0,0,2400,0
494,Car,honda,jazz,diesel,2016,mumbai,10000,11328,1,1,1,0,0,0,0,0,0,0,0,0,0,0,2349,0
495,Car,honda,jazz,diesel,2016,mumbai,10000,10327,1,1,1,0,0,0,0,0,0,0,0,0,0,0,2700,0
496,Car,honda,jazz,diesel,2016,mumbai,10000,10374,1,1,1,0,0,0,0,0,0,0,0,0,0,0,2689,0
497,Car,honda,jazz,diesel,2016,mumbai,10000,10211,1,1,1,0,0,0,0,0,0,0,0,0,0,0,2694,0
498,Car,honda,jazz,diesel,2016,mumbai,10000,10232,1,1,1,0,0,0,0,0,0,0,0,0,0,0,2800,0
499,Car,honda,jazz,diesel,2016,mumbai,10000,10978,1,1,1,0,0,0,0,0,0,0,0,0,0,0,2749,0
500,Car,honda,jazz,diesel,2016,mumbai,10000,10759,1,1,1,0,0,0,0,0,0,0,0,0,0,0,2973,0
501,Car,honda,jazz,diesel,2016,mumbai,10000,10659,1,1,1,0,0,0,0,0,0,0,0,0,0,0,2900,0
502,Car,honda,jazz,diesel,2016,mumbai,10000,9038,1,1,1,0,0,0,0,0,0,0,0,0,0,0,2949,0
503,Car,honda,jazz,diesel,2016,mumbai,10000,9021,1,1,1,0,1,0,0,0,0,0,0,0,0,0,2899,0
504,Car,honda,jazz,diesel,2016,mumbai,20000,20978,1,1,1,0,1,0,0,0,0,0,0,0,0,0,6534,0
505,Car,honda,jazz,diesel,2016,mumbai,20000,20908,1,1,1,1,1,1,1,0,0,0,0,0,0,0,6699,0
506,Car,honda,jazz,diesel,2016,mumbai,20000,21382,1,1,1,1,1,1,1,0,0,0,0,0,0,0,6589,0
507,Car,honda,jazz,diesel,2016,mumbai,20000,19732,1,1,1,1,1,1,1,0,0,0,0,0,0,0,6489,0
508,Car,honda,jazz,diesel,2016,mumbai,20000,20823,1,1,1,1,1,1,1,0,0,0,0,0,0,0,6599,0
509,Car,honda,jazz,diesel,2016,mumbai,20000,20373,1,1,1,1,1,1,1,0,0,0,0,0,0,0,6622,0
510,Car,honda,jazz,diesel,2016,mumbai,20000,20472,1,1,1,1,1,1,1,0,0,0,0,0,0,0,6499,0
511,Car,honda,jazz,diesel,2016,mumbai,20000,19236,1,1,1,1,1,1,1,0,0,0,0,0,0,0,6521,0
512,Car,honda,jazz,diesel,2016,mumbai,20000,20274,1,1,1,1,1,1,1,0,0,0,0,0,0,0,6599,0
513,Car,honda,jazz,diesel,2016,mumbai,20000,20768,1,1,1,1,1,1,1,0,0,0,0,0,0,0,6322,0
514,Car,honda,jazz,diesel,2016,mumbai,20000,21867,1,1,1,1,1,1,1,0,0,0,0,0,0,0,6423,0
515,Car,honda,jazz,diesel,2016,mumbai,20000,21688,1,1,1,1,1,1,1,0,0,0,0,0,0,0,6522,0
516,Car,honda,jazz,diesel,2016,mumbai,20000,20766,1,1,1,1,1,1,1,0,0,0,0,0,0,0,4500,0
517,Car,honda,jazz,diesel,2016,mumbai,20000,20987,1,1,1,1,1,1,1,0,0,0,0,0,0,0,6859,0
518,Car,honda,jazz,diesel,2016,mumbai,20000,20243,1,1,1,1,1,1,1,0,0,0,0,0,0,0,6849,0
519,Car,honda,jazz,diesel,2016,mumbai,20000,20657,1,1,1,1,1,1,1,0,0,0,0,0,0,0,6900,0
520,Car,honda,jazz,diesel,2016,mumbai,20000,20124,1,1,1,1,1,1,1,0,0,0,0,0,0,0,6888,0
521,Car,honda,jazz,diesel,2016,mumbai,20000,20870,1,1,1,1,1,1,1,0,0,0,0,0,0,0,7110,0
522,Car,honda,jazz,diesel,2016,mumbai,20000,19076,1,1,1,1,1,1,1,0,0,0,0,0,0,0,7100,0
523,Car,honda,jazz,diesel,2016,mumbai,20000,20475,1,1,1,1,1,1,1,0,0,0,0,0,0,0,6999,0
524,Car,honda,jazz,diesel,2016,mumbai,30000,30867,1,1,1,0,0,0,0,0,0,0,0,0,0,0,4600,0
525,Car,honda,jazz,diesel,2016,mumbai,30000,31820,1,1,1,0,0,0,0,0,0,0,0,0,0,0,4599,0
526,Car,honda,jazz,diesel,2016,mumbai,30000,30317,1,1,1,0,0,0,0,0,0,0,0,0,0,0,4589,0
527,Car,honda,jazz,diesel,2016,mumbai,30000,30328,1,1,1,0,0,0,0,0,0,0,0,0,0,0,4579,0
528,Car,honda,jazz,diesel,2016,mumbai,30000,30372,1,1,1,0,0,0,0,0,0,0,0,0,0,0,4569,0
529,Car,honda,jazz,diesel,2016,mumbai,30000,29633,1,1,1,0,0,0,0,0,0,0,0,0,0,0,4559,0
530,Car,honda,jazz,diesel,2016,mumbai,30000,30286,1,1,1,0,0,0,0,0,0,0,0,0,0,0,4579,0
531,Car,honda,jazz,diesel,2016,mumbai,30000,30382,1,1,1,0,0,0,0,0,0,0,0,0,0,0,4584,0
532,Car,honda,jazz,diesel,2016,mumbai,30000,30211,1,1,1,0,0,0,0,0,0,0,0,0,0,0,4597,0
533,Car,honda,jazz,diesel,2016,mumbai,30000,30783,1,1,1,0,0,0,0,0,0,0,0,0,0,0,4573,0
534,Car,honda,jazz,diesel,2016,mumbai,30000,30463,1,1,1,0,0,0,0,0,0,0,0,0,0,0,4586,0
535,Car,honda,jazz,diesel,2016,mumbai,30000,30463,1,1,1,0,0,0,0,0,0,0,0,0,0,0,4588,0
536,Car,honda,jazz,diesel,2016,mumbai,30000,29625,1,1,1,0,0,0,0,0,0,0,0,0,0,0,4647,0
537,Car,honda,jazz,diesel,2016,mumbai,30000,31833,1,1,1,0,0,0,0,0,0,0,0,0,0,0,4732,0
538,Car,honda,jazz,diesel,2016,mumbai,30000,30172,1,1,1,0,0,0,0,0,0,0,0,0,0,0,4523,0
539,Car,honda,jazz,diesel,2016,mumbai,30000,30132,1,1,1,0,0,0,0,0,0,0,0,0,0,0,4723,0
540,Car,honda,jazz,diesel,2016,mumbai,30000,30342,1,1,1,0,0,0,0,0,0,0,0,0,0,0,4622,0
541,Car,honda,jazz,diesel,2016,mumbai,30000,30435,1,1,1,0,0,0,0,0,0,0,0,0,0,0,4629,0
542,Car,honda,jazz,diesel,2016,mumbai,30000,30980,1,1,1,0,0,0,0,0,0,0,0,0,0,0,4583,0
543,Car,honda,jazz,diesel,2016,mumbai,30000,30437,1,1,1,0,0,0,0,0,0,0,0,0,0,0,4479,0
544,Car,honda,jazz,diesel,2016,mumbai,30000,30766,1,1,1,0,0,0,0,0,0,0,0,0,0,0,4480,0
545,Car,honda,jazz,diesel,2016,mumbai,30000,30647,1,1,1,0,0,0,0,0,0,0,0,0,0,0,4830,0
546,Car,honda,jazz,diesel,2016,mumbai,30000,30142,1,1,1,0,0,0,0,0,0,0,0,0,0,0,4428,0
547,Car,honda,jazz,diesel,2016,mumbai,30000,30544,1,1,1,0,0,0,0,0,0,0,0,0,0,0,5099,0
548,Car,honda,jazz,diesel,2016,mumbai,30000,31243,1,1,1,0,0,0,0,0,0,0,0,0,0,0,5100,0
549,Car,honda,jazz,diesel,2016,mumbai,30000,32292,1,1,1,0,0,0,0,0,0,0,0,0,0,0,5149,0
550,Car,honda,jazz,diesel,2016,mumbai,30000,30438,1,1,1,0,0,0,0,0,0,0,0,0,0,0,5200,0
551,Car,honda,jazz,diesel,2016,mumbai,30000,30897,1,1,1,0,0,0,0,0,0,0,0,0,0,0,5199,0
552,Car,honda,jazz,diesel,2016,mumbai,30000,30573,1,1,1,0,0,0,0,0,0,0,0,0,0,0,5299,0
553,Car,honda,jazz,diesel,2016,mumbai,30000,29473,1,1,1,0,0,0,0,0,0,0,0,0,0,0,5289,0
554,Car,honda,jazz,diesel,2016,mumbai,30000,30437,1,1,1,0,0,0,0,0,0,0,0,0,0,0,5249,0
555,Car,honda,jazz,diesel,2016,mumbai,30000,30987,1,1,1,0,0,0,0,0,0,0,0,0,0,0,5399,0
556,Car,honda,jazz,diesel,2016,mumbai,30000,30909,1,1,1,0,0,0,0,0,0,0,0,0,0,0,5310,0
557,Car,honda,jazz,diesel,2016,mumbai,30000,30829,1,1,1,0,0,0,0,0,0,0,0,0,0,0,5329,0
558,Car,honda,jazz,diesel,2016,mumbai,30000,30121,1,1,1,0,0,0,0,0,0,0,0,0,0,0,5392,0
559,Car,honda,jazz,diesel,2016,mumbai,30000,30980,1,1,1,0,0,0,0,0,0,0,0,0,0,0,5374,0
560,Car,honda,jazz,diesel,2016,mumbai,30000,30012,1,1,1,0,0,0,0,0,0,0,0,0,0,0,5399,0
561,Car,honda,jazz,diesel,2016,mumbai,30000,30282,1,1,1,0,0,0,0,0,0,0,0,0,0,0,5248,0
562,Car,honda,jazz,diesel,2016,mumbai,30000,30382,1,1,1,0,0,0,0,0,0,0,0,0,0,0,5149,0
563,Car,honda,jazz,diesel,2016,mumbai,30000,30238,1,1,1,0,0,0,0,0,0,0,0,0,0,0,5374,0
564,Car,honda,jazz,diesel,2016,mumbai,40000,40976,1,1,1,1,0,1,1,0,0,0,0,1,0,0,6534,0
565,Car,honda,jazz,diesel,2016,mumbai,40000,40733,1,1,1,1,0,1,1,0,0,0,0,1,0,0,6699,0
566,Car,honda,jazz,diesel,2016,mumbai,40000,41382,1,1,1,1,1,1,1,0,0,0,0,1,0,0,6589,0
567,Car,honda,jazz,diesel,2016,mumbai,40000,40289,1,1,1,1,1,1,1,0,0,0,0,1,0,0,6489,0
568,Car,honda,jazz,diesel,2016,mumbai,40000,39236,1,1,1,1,1,1,1,0,0,0,0,1,0,0,6599,0
569,Car,honda,jazz,diesel,2016,mumbai,40000,40722,1,1,1,1,1,1,1,0,0,0,0,1,0,0,6622,0
570,Car,honda,jazz,diesel,2016,mumbai,40000,40283,1,1,1,1,1,1,1,0,0,0,0,1,0,0,6499,0
571,Car,honda,jazz,diesel,2016,mumbai,40000,40287,1,1,1,1,1,1,1,0,0,0,0,1,0,0,6521,0
572,Car,honda,jazz,diesel,2016,mumbai,40000,39723,1,1,1,1,1,1,1,0,0,0,0,1,0,0,6599,0
573,Car,honda,jazz,diesel,2016,mumbai,40000,41372,1,1,1,1,1,1,1,0,0,0,0,1,0,0,6322,0
574,Car,honda,jazz,diesel,2016,mumbai,40000,40282,1,1,1,1,1,1,1,0,0,0,0,1,0,0,6423,0
575,Car,honda,jazz,diesel,2016,mumbai,40000,40483,1,1,1,1,1,1,1,0,0,0,0,1,0,0,6522,0
576,Car,honda,jazz,diesel,2016,mumbai,40000,40984,1,1,1,1,1,1,1,0,0,0,0,1,0,0,6500,0
577,Car,honda,jazz,diesel,2016,mumbai,40000,40932,1,1,1,1,1,1,1,0,0,0,0,1,0,0,6859,0
578,Car,honda,jazz,diesel,2016,mumbai,40000,40282,1,1,1,1,1,1,1,0,0,0,0,1,0,0,6849,0
579,Car,honda,jazz,diesel,2016,mumbai,40000,40221,1,1,1,1,1,1,1,0,0,0,0,1,0,0,6900,0
580,Car,honda,jazz,diesel,2016,mumbai,40000,40899,1,1,1,1,1,1,1,0,0,0,0,1,0,0,6888,0
581,Car,honda,jazz,diesel,2016,mumbai,40000,40382,1,1,1,1,1,1,1,0,0,0,0,1,0,0,7110,0
582,Car,honda,jazz,diesel,2016,mumbai,40000,39023,1,1,1,1,1,1,1,0,0,0,0,1,0,0,7100,0
583,Car,honda,jazz,diesel,2016,mumbai,40000,41383,1,1,1,1,1,1,1,0,0,0,0,1,0,0,6999,0
584,Car,honda,jazz,diesel,2016,mumbai,50000,50978,1,1,1,0,1,0,0,0,0,0,0,0,0,0,5348,0
585,Car,honda,jazz,diesel,2016,mumbai,50000,50722,1,1,1,0,0,0,0,0,0,0,0,0,0,0,5449,0
586,Car,honda,jazz,diesel,2016,mumbai,50000,50236,1,1,1,0,0,0,0,0,0,0,0,0,0,0,5399,0
587,Car,honda,jazz,diesel,2016,mumbai,50000,50673,1,1,1,0,0,0,0,0,0,0,0,0,0,0,5389,0
588,Car,honda,jazz,diesel,2016,mumbai,50000,50892,1,1,1,0,0,0,0,0,0,0,0,0,0,0,5310,0
589,Car,honda,jazz,diesel,2016,mumbai,50000,51427,1,1,1,0,0,0,0,0,0,0,0,0,0,0,5379,0
590,Car,honda,jazz,diesel,2016,mumbai,50000,50237,1,1,1,0,0,0,0,0,0,0,0,0,0,0,5369,0
591,Car,honda,jazz,diesel,2016,mumbai,50000,49622,1,1,1,0,0,0,0,0,0,0,0,0,0,0,5399,0
592,Car,honda,jazz,diesel,2016,mumbai,50000,49263,1,1,1,0,0,0,0,0,0,0,0,0,0,0,5469,0
593,Car,honda,jazz,diesel,2016,mumbai,50000,50268,1,1,1,0,0,0,0,0,0,0,0,0,0,0,5400,0
594,Car,honda,jazz,diesel,2016,mumbai,50000,51452,1,1,1,0,0,0,0,0,0,0,0,0,0,0,5349,0
595,Car,honda,jazz,diesel,2016,mumbai,50000,50348,1,1,1,0,0,0,0,0,0,0,0,0,0,0,5700,0
596,Car,honda,jazz,diesel,2016,mumbai,50000,50888,1,1,1,0,0,0,0,0,0,0,0,0,0,0,5689,0
597,Car,honda,jazz,diesel,2016,mumbai,50000,50232,1,1,1,0,0,0,0,0,0,0,0,0,0,0,5694,0
598,Car,honda,jazz,diesel,2016,mumbai,50000,50900,1,1,1,0,0,0,0,0,0,0,0,0,0,0,5310,0
599,Car,honda,jazz,diesel,2016,mumbai,50000,50322,1,1,1,0,0,0,0,0,0,0,0,0,0,0,5379,0
600,Car,honda,jazz,diesel,2016,mumbai,50000,50348,1,1,1,0,0,0,0,0,0,0,0,0,0,0,5369,0
601,Car,honda,jazz,diesel,2016,mumbai,50000,50922,1,1,1,0,0,0,0,0,0,0,0,0,0,0,5399,0
602,Car,honda,jazz,diesel,2016,mumbai,50000,50379,1,1,1,0,0,0,0,0,0,0,0,0,0,0,5377,0
603,Car,honda,jazz,diesel,2016,mumbai,50000,50242,1,1,1,0,0,0,0,0,0,0,0,0,0,0,5365,0
604,Car,honda,jazz,diesel,2016,mumbai,60000,60987,1,1,1,1,0,1,1,0,1,0,1,0,1,0,9020,0
605,Car,honda,jazz,diesel,2016,mumbai,60000,60383,1,1,1,1,0,1,1,0,1,0,1,1,1,0,9999,0
606,Car,honda,jazz,diesel,2016,mumbai,60000,60332,1,1,1,1,0,1,1,0,1,0,1,0,1,0,9000,0
607,Car,honda,jazz,diesel,2016,mumbai,60000,60427,1,1,1,1,0,1,1,0,1,0,1,1,1,0,9428,0
608,Car,honda,jazz,diesel,2016,mumbai,60000,60349,1,1,1,1,0,1,1,0,1,0,1,0,1,0,9247,0
609,Car,honda,jazz,diesel,2016,mumbai,60000,60374,1,1,1,1,1,1,1,0,1,0,1,0,1,0,9373,0
610,Car,honda,jazz,diesel,2016,mumbai,60000,59993,1,1,1,1,1,1,1,0,1,0,1,0,1,0,9473,0
611,Car,honda,jazz,diesel,2016,mumbai,60000,61379,1,1,1,1,1,1,1,0,1,0,1,0,1,0,9211,0
612,Car,honda,jazz,diesel,2016,mumbai,60000,60342,1,1,1,1,1,1,1,0,1,0,1,0,1,0,9088,0
613,Car,honda,jazz,diesel,2016,mumbai,60000,60930,1,1,1,1,1,1,1,0,1,0,1,0,1,0,9099,0
614,Car,honda,jazz,diesel,2016,mumbai,60000,60432,1,1,1,1,1,1,1,0,1,0,1,0,1,0,9438,0
615,Car,honda,jazz,diesel,2016,mumbai,60000,60465,1,1,1,1,1,1,1,0,1,0,1,0,1,0,9237,0
616,Car,honda,jazz,diesel,2016,mumbai,60000,60765,1,1,1,1,1,1,1,0,1,0,1,0,1,0,9236,0
617,Car,honda,jazz,diesel,2016,mumbai,60000,59433,1,1,1,1,1,1,1,0,1,0,1,1,1,0,9797,0
618,Car,honda,jazz,diesel,2016,mumbai,60000,60875,1,1,1,1,1,1,1,0,1,0,1,1,1,0,9933,0
619,Car,honda,jazz,diesel,2016,mumbai,60000,60080,1,1,1,1,1,1,1,0,1,0,1,1,1,0,9893,0
620,Car,honda,jazz,diesel,2016,mumbai,60000,60909,1,1,1,1,1,1,1,0,1,0,1,1,1,0,9693,0
621,Car,honda,jazz,diesel,2016,mumbai,60000,60223,1,1,1,1,1,1,1,0,1,0,1,1,1,0,9743,0
622,Car,honda,jazz,diesel,2016,mumbai,60000,59343,1,1,1,1,1,1,1,0,1,0,1,0,1,0,9232,0
623,Car,honda,jazz,diesel,2016,mumbai,60000,60433,1,1,1,1,1,1,1,0,1,0,1,0,1,0,9138,0
624,Car,honda,jazz,diesel,2016,mumbai,70000,70435,1,1,1,0,1,0,0,0,1,0,1,0,0,0,4700,0
625,Car,honda,jazz,diesel,2016,mumbai,70000,70976,1,1,1,0,1,0,0,0,1,0,0,0,0,0,4689,0
626,Car,honda,jazz,diesel,2016,mumbai,70000,71253,1,1,1,0,1,0,0,0,1,0,0,0,0,0,4694,0
627,Car,honda,jazz,diesel,2016,mumbai,70000,70311,1,1,1,0,1,0,0,0,1,0,0,0,0,0,4843,0
628,Car,honda,jazz,diesel,2016,mumbai,70000,70789,1,1,1,0,1,0,0,0,1,0,0,0,0,0,4654,0
629,Car,honda,jazz,diesel,2016,mumbai,70000,70098,1,1,1,0,0,0,0,0,1,0,0,0,0,0,4743,0
630,Car,honda,jazz,diesel,2016,mumbai,70000,69432,1,1,1,0,0,0,0,0,1,0,0,0,0,0,4545,0
631,Car,honda,jazz,diesel,2016,mumbai,70000,70894,1,1,1,0,0,0,0,0,0,0,0,0,0,0,4846,0
632,Car,honda,jazz,diesel,2016,mumbai,70000,70753,1,1,1,0,0,0,0,0,0,0,0,0,0,0,4535,0
633,Car,honda,jazz,diesel,2016,mumbai,70000,70756,1,1,1,0,0,0,0,0,0,0,0,0,0,0,4989,0
634,Car,honda,jazz,diesel,2016,mumbai,70000,70432,1,1,1,0,0,0,0,0,0,0,0,0,0,0,5033,0
635,Car,honda,jazz,diesel,2016,mumbai,70000,69422,1,1,1,0,0,0,0,0,0,0,0,0,0,0,4183,0
636,Car,honda,jazz,diesel,2016,mumbai,70000,70438,1,1,1,0,0,0,0,0,0,0,0,0,0,0,5000,0
637,Car,honda,jazz,diesel,2016,mumbai,70000,70233,1,1,1,0,0,0,0,0,0,0,0,0,0,0,4889,0
638,Car,honda,jazz,diesel,2016,mumbai,70000,70499,1,1,1,0,0,0,0,0,0,0,0,0,0,0,4999,0
639,Car,honda,jazz,diesel,2016,mumbai,70000,70824,1,1,1,0,0,0,0,0,0,0,0,0,0,0,4100,0
640,Car,honda,jazz,diesel,2016,mumbai,70000,73283,1,1,1,0,1,0,0,0,0,0,0,0,0,0,4120,0
641,Car,honda,jazz,diesel,2016,mumbai,70000,71938,1,1,1,0,1,0,0,0,0,0,0,0,0,0,4199,0
642,Car,honda,jazz,diesel,2016,mumbai,70000,70438,1,1,1,0,1,0,0,0,0,0,0,0,0,0,4180,0
643,Car,honda,jazz,diesel,2016,mumbai,80000,82078,1,1,1,1,1,1,1,0,0,0,0,0,0,0,4200,0
644,Car,honda,jazz,diesel,2016,mumbai,80000,84473,1,1,1,1,0,1,1,0,0,0,0,0,0,0,5200,0
645,Car,honda,jazz,diesel,2016,mumbai,80000,85743,1,1,1,1,0,1,1,0,0,0,0,0,0,0,5199,0
646,Car,honda,jazz,diesel,2016,mumbai,80000,85739,1,1,1,1,0,1,1,0,0,0,0,0,0,0,5299,0
647,Car,honda,jazz,diesel,2016,mumbai,80000,86839,1,1,1,1,0,1,1,0,0,0,0,0,0,0,5289,0
648,Car,honda,jazz,diesel,2016,mumbai,80000,87347,1,1,1,1,0,1,1,0,0,0,0,0,0,0,5249,0
649,Car,honda,jazz,diesel,2016,mumbai,80000,88347,1,1,1,1,0,1,1,0,0,0,0,0,0,0,5399,0
650,Car,honda,jazz,diesel,2016,mumbai,80000,90382,1,1,1,0,0,0,0,0,0,0,0,0,0,0,5310,0
651,Car,honda,jazz,diesel,2016,mumbai,100000,99442,1,1,1,0,0,0,0,0,0,0,0,0,0,0,5329,0
652,Car,honda,jazz,diesel,2016,mumbai,100000,94632,1,1,1,0,0,0,0,0,0,0,0,0,0,0,5392,0
653,Car,honda,jazz,diesel,2016,mumbai,100000,93648,1,1,1,0,0,0,0,0,0,0,0,0,0,0,5437,0
654,Car,honda,jazz,diesel,2016,mumbai,100000,103382,1,1,1,0,1,0,0,0,0,0,0,0,0,0,5382,0
655,Car,honda,jazz,diesel,2016,mumbai,100000,118310,1,1,1,0,1,0,0,0,0,0,0,0,0,1,6283,0
656,Car,honda,jazz,diesel,2016,mumbai,100000,128320,1,1,1,0,1,0,0,0,0,0,0,0,0,1,6239,0
657,Car,honda,jazz,diesel,2016,mumbai,100000,103832,1,1,1,0,1,0,0,0,0,0,0,0,0,1,6249,0
658,Car,honda,jazz,diesel,2016,mumbai,100000,118292,1,1,1,0,1,0,0,0,0,0,0,0,0,1,6240,0
659,Car,honda,jazz,diesel,2016,mumbai,100000,121921,1,1,1,0,1,0,0,0,0,0,0,0,0,1,6334,0
660,Car,honda,jazz,diesel,2016,mumbai,100000,112833,1,1,1,0,1,0,0,0,0,0,0,0,0,1,6132,0
661,Car,honda,jazz,diesel,2016,mumbai,100000,103337,1,1,1,0,1,0,0,0,0,0,0,0,0,1,6184,0
662,Car,honda,jazz,diesel,2016,mumbai,100000,133892,1,1,1,0,0,0,0,0,0,0,0,0,0,1,6347,0
663,Car,honda,jazz,diesel,2016,mumbai,100000,103737,1,1,1,0,1,0,0,0,0,0,0,0,0,1,6237,0
664,Car,honda,city,petrol,2017,chennai,10000,10022,1,1,1,0,1,0,0,0,0,0,0,0,0,0,1319,0
665,Car,honda,city,petrol,2017,chennai,10000,10897,1,1,1,0,1,0,0,0,0,0,0,0,0,0,1798,0
666,Car,honda,city,petrol,2017,chennai,10000,10732,1,1,1,0,0,0,0,0,0,0,0,0,0,0,1673,0
667,Car,honda,city,petrol,2017,chennai,10000,10988,1,1,1,0,0,0,0,0,0,0,0,0,0,0,1239,0
668,Car,honda,city,petrol,2017,chennai,10000,10321,1,1,1,0,0,0,0,0,0,0,0,0,0,0,1352,0
669,Car,honda,city,petrol,2017,chennai,10000,10978,1,1,1,0,0,0,0,0,0,0,0,0,0,0,1436,0
670,Car,honda,city,petrol,2017,chennai,10000,9032,1,1,1,0,1,0,0,0,0,0,0,0,0,0,1234,0
671,Car,honda,city,petrol,2017,chennai,10000,10344,1,1,1,0,0,0,0,0,0,0,0,0,0,0,1462,0
672,Car,honda,city,petrol,2017,chennai,10000,10654,1,1,1,0,0,0,0,0,0,0,0,0,0,0,1326,0
673,Car,honda,city,petrol,2017,chennai,10000,11763,1,1,1,0,0,0,0,0,0,0,0,0,0,0,1235,0
674,Car,honda,city,petrol,2017,chennai,10000,10893,1,1,1,0,0,0,0,0,0,0,0,0,0,0,1426,0
675,Car,honda,city,petrol,2017,chennai,10000,10322,1,1,1,0,0,0,0,0,0,0,0,0,0,0,1734,0
676,Car,honda,city,petrol,2017,chennai,10000,11345,1,1,1,0,0,0,0,0,0,0,0,0,0,0,1423,0
677,Car,honda,city,petrol,2017,chennai,10000,9831,1,1,1,0,0,0,0,0,0,0,0,0,0,0,1324,0
678,Car,honda,city,petrol,2017,chennai,10000,10238,1,1,1,0,1,0,0,0,0,0,0,0,0,0,1523,0
679,Car,honda,city,petrol,2017,chennai,10000,10980,1,1,1,0,0,0,0,0,0,0,0,0,0,0,1452,0
680,Car,honda,city,petrol,2017,chennai,10000,10326,1,1,1,0,0,0,0,0,0,0,0,0,0,0,1220,0
681,Car,honda,city,petrol,2017,chennai,10000,10322,1,1,1,0,1,0,0,0,0,0,0,0,0,0,1299,0
682,Car,honda,city,petrol,2017,chennai,10000,11753,1,1,1,0,1,0,0,0,0,0,0,0,0,0,1099,0
683,Car,honda,city,petrol,2017,chennai,10000,10926,1,1,1,0,1,0,0,0,0,0,0,0,0,0,1209,0
684,Car,honda,city,petrol,2017,chennai,20000,20785,1,1,1,1,0,0,0,0,0,0,0,0,0,0,2099,0
685,Car,honda,city,petrol,2017,chennai,20000,20634,1,1,1,1,0,0,0,0,0,0,0,0,0,0,2100,0
686,Car,honda,city,petrol,2017,chennai,20000,20924,1,1,1,1,0,0,0,0,0,0,0,0,0,0,2199,0
687,Car,honda,city,petrol,2017,chennai,20000,20213,1,1,1,1,0,0,0,0,0,0,0,0,0,0,2089,0
688,Car,honda,city,petrol,2017,chennai,20000,20132,1,1,1,1,0,0,0,0,0,0,0,0,0,0,2173,0
689,Car,honda,city,petrol,2017,chennai,20000,20656,1,1,1,1,0,0,0,0,0,0,0,0,0,0,2132,0
690,Car,honda,city,petrol,2017,chennai,20000,21865,1,1,1,1,0,0,0,0,0,0,0,0,0,0,2145,0
691,Car,honda,city,petrol,2017,chennai,20000,20568,1,1,1,1,0,0,0,0,0,0,0,0,0,0,2197,0
692,Car,honda,city,petrol,2017,chennai,20000,20432,1,1,1,1,0,0,0,0,0,0,0,0,0,0,2165,0
693,Car,honda,city,petrol,2017,chennai,20000,19732,1,1,1,1,0,0,0,0,0,0,0,0,0,0,2262,0
694,Car,honda,city,petrol,2017,chennai,20000,20632,1,1,1,1,0,0,0,0,0,0,0,0,0,0,2322,0
695,Car,honda,city,petrol,2017,chennai,20000,20683,1,1,1,1,1,0,0,0,0,0,0,0,0,0,2399,0
696,Car,honda,city,petrol,2017,chennai,20000,21623,1,1,1,1,1,0,0,0,0,0,0,0,0,0,2299,0
697,Car,honda,city,petrol,2017,chennai,20000,20897,1,1,1,1,1,0,0,0,0,0,0,0,0,0,2367,0
698,Car,honda,city,petrol,2017,chennai,20000,20077,1,1,1,1,1,0,0,0,0,0,0,0,0,0,2400,0
699,Car,honda,city,petrol,2017,chennai,20000,19423,1,1,1,1,0,0,0,0,0,0,0,0,0,0,2311,0
700,Car,honda,city,petrol,2017,chennai,20000,20863,1,1,1,1,0,0,0,0,0,0,0,0,0,0,2348,0
701,Car,honda,city,petrol,2017,chennai,20000,20897,1,1,1,1,1,0,0,0,0,0,0,0,0,0,2389,0
702,Car,honda,city,petrol,2017,chennai,20000,20432,1,1,1,1,0,0,0,0,0,0,0,0,0,0,2500,0
703,Car,honda,city,petrol,2017,chennai,20000,20653,1,1,1,1,0,0,0,0,0,0,0,0,0,0,2134,0
704,Car,honda,city,petrol,2017,chennai,30000,30765,1,1,1,0,0,1,0,0,0,0,0,0,0,0,3586,0
705,Car,honda,city,petrol,2017,chennai,30000,30462,1,1,1,0,0,1,0,0,0,0,0,0,0,0,3600,0
706,Car,honda,city,petrol,2017,chennai,30000,30004,1,1,1,0,0,1,0,0,0,0,0,0,0,0,3599,0
707,Car,honda,city,petrol,2017,chennai,30000,30326,1,1,1,0,0,1,0,0,0,0,0,0,0,0,3534,0
708,Car,honda,city,petrol,2017,chennai,30000,30897,1,1,1,0,0,1,0,0,0,0,0,0,0,0,3794,0
709,Car,honda,city,petrol,2017,chennai,30000,30675,1,1,1,0,0,1,0,0,0,0,0,0,0,0,3499,0
710,Car,honda,city,petrol,2017,chennai,30000,30612,1,1,1,0,0,1,0,0,0,0,0,0,0,0,3379,0
711,Car,honda,city,petrol,2017,chennai,30000,31763,1,1,1,0,0,1,0,0,0,0,0,0,0,0,3278,0
712,Car,honda,city,petrol,2017,chennai,30000,30980,1,1,1,0,0,1,0,0,0,0,0,0,0,0,3190,0
713,Car,honda,city,petrol,2017,chennai,30000,30998,1,1,1,0,0,1,0,0,0,0,0,0,0,0,3099,0
714,Car,honda,city,petrol,2017,chennai,30000,29234,1,1,1,0,0,1,0,0,0,0,0,0,0,0,3199,0
715,Car,honda,city,petrol,2017,chennai,30000,30909,1,1,1,0,0,1,0,0,0,0,0,0,0,0,3000,0
716,Car,honda,city,petrol,2017,chennai,30000,30522,1,1,1,0,0,1,0,0,0,0,0,0,0,0,3201,0
717,Car,honda,city,petrol,2017,chennai,30000,30863,1,1,1,0,0,1,0,0,0,0,0,0,0,0,2999,0
718,Car,honda,city,petrol,2017,chennai,30000,29837,1,1,1,0,0,1,0,0,0,0,0,0,0,0,3010,0
719,Car,honda,city,petrol,2017,chennai,30000,31327,1,1,1,0,0,1,0,0,0,0,0,0,0,0,3100,0
720,Car,honda,city,petrol,2017,chennai,30000,30743,1,1,1,0,0,1,0,0,0,0,0,0,0,0,3297,0
721,Car,honda,city,petrol,2017,chennai,30000,30378,1,1,1,0,0,1,0,0,0,0,0,0,0,0,3278,0
722,Car,honda,city,petrol,2017,chennai,30000,29624,1,1,1,0,0,1,0,0,0,0,0,0,0,0,3327,0
723,Car,honda,city,petrol,2017,chennai,40000,40686,1,1,1,0,0,0,0,0,0,0,0,0,0,0,3400,0
724,Car,honda,city,petrol,2017,chennai,40000,40326,1,1,1,1,0,0,0,0,0,0,0,0,0,0,3929,0
725,Car,honda,city,petrol,2017,chennai,40000,40908,1,1,1,1,0,0,0,0,0,0,0,0,0,0,3999,0
726,Car,honda,city,petrol,2017,chennai,40000,40311,1,1,1,1,0,0,0,0,0,0,0,0,0,0,3989,0
727,Car,honda,city,petrol,2017,chennai,40000,39236,1,1,1,1,0,0,0,0,0,0,0,0,0,0,3949,0
728,Car,honda,city,petrol,2017,chennai,40000,40722,1,1,1,1,0,0,0,0,0,0,0,0,0,0,3990,0
729,Car,honda,city,petrol,2017,chennai,40000,40283,1,1,1,1,0,0,0,0,0,0,0,0,0,0,4000,0
730,Car,honda,city,petrol,2017,chennai,40000,40287,1,1,1,1,0,0,0,0,0,0,0,0,0,0,4100,0
731,Car,honda,city,petrol,2017,chennai,40000,39723,1,1,1,1,0,0,0,0,0,0,0,0,0,0,4010,0
732,Car,honda,city,petrol,2017,chennai,40000,41372,1,1,1,1,0,0,0,0,0,0,0,0,0,0,4082,0
733,Car,honda,city,petrol,2017,chennai,40000,40282,1,1,1,1,0,0,0,0,0,0,0,0,0,0,4023,0
734,Car,honda,city,petrol,2017,chennai,40000,40483,1,1,1,1,0,0,0,0,0,0,0,0,0,0,4099,0
735,Car,honda,city,petrol,2017,chennai,40000,40675,1,1,1,1,0,0,0,0,0,0,0,0,0,0,4200,0
736,Car,honda,city,petrol,2017,chennai,40000,40678,1,1,1,1,0,0,0,0,0,0,0,0,0,0,4299,0
737,Car,honda,city,petrol,2017,chennai,40000,40089,1,1,1,1,0,0,0,0,0,0,0,0,0,0,4199,0
738,Car,honda,city,petrol,2017,chennai,40000,40231,1,1,1,1,0,0,0,0,0,0,0,0,0,0,4099,0
739,Car,honda,city,petrol,2017,chennai,40000,40453,1,1,1,1,0,0,0,0,0,0,0,0,0,0,4389,0
740,Car,honda,city,petrol,2017,chennai,40000,41343,1,1,1,1,0,0,0,0,0,0,0,0,0,0,4300,0
741,Car,honda,city,petrol,2017,chennai,40000,42657,1,1,1,1,0,0,0,0,0,0,0,0,0,0,4400,0
742,Car,honda,city,petrol,2017,chennai,40000,40453,1,1,1,1,0,0,0,0,0,0,0,0,0,0,4399,0
743,Car,honda,city,petrol,2017,chennai,40000,39767,1,1,1,1,0,0,0,0,0,0,0,0,0,0,4599,0
744,Car,honda,city,petrol,2017,chennai,50000,50231,1,1,1,0,0,0,0,0,0,0,0,0,0,0,3619,0
745,Car,honda,city,petrol,2017,chennai,50000,51023,1,1,1,0,0,0,0,0,0,0,0,0,0,0,3699,0
746,Car,honda,city,petrol,2017,chennai,50000,53909,1,1,1,0,0,0,0,0,0,0,0,0,0,0,3679,0
747,Car,honda,city,petrol,2017,chennai,50000,54098,1,1,1,0,0,0,0,0,0,0,0,0,0,0,3789,0
748,Car,honda,city,petrol,2017,chennai,50000,50438,1,1,1,0,0,0,0,0,0,0,0,1,0,0,3799,0
749,Car,honda,city,petrol,2017,chennai,50000,51832,1,1,1,0,0,0,0,0,0,0,0,1,0,0,3678,0
750,Car,honda,city,petrol,2017,chennai,50000,49732,1,1,1,0,0,0,0,0,0,0,0,1,0,0,3698,0
751,Car,honda,city,petrol,2017,chennai,50000,49028,1,1,1,0,0,0,0,0,0,0,0,1,0,0,3700,0
752,Car,honda,city,petrol,2017,chennai,50000,50373,1,1,1,0,0,0,0,0,0,0,0,1,0,0,3749,0
753,Car,honda,city,petrol,2017,chennai,50000,50342,1,1,1,0,0,0,0,0,0,0,0,1,0,0,3754,0
754,Car,honda,city,petrol,2017,chennai,50000,50384,1,1,1,0,0,0,0,0,0,0,0,1,0,0,3684,0
755,Car,honda,city,petrol,2017,chennai,50000,50878,1,1,1,0,0,0,0,0,0,0,0,1,0,0,3804,0
756,Car,honda,city,petrol,2017,chennai,50000,50754,1,1,1,0,0,0,0,0,0,0,0,1,0,0,3799,0
757,Car,honda,city,petrol,2017,chennai,50000,51437,1,1,1,0,0,0,0,0,0,0,0,1,0,0,3789,0
758,Car,honda,city,petrol,2017,chennai,50000,50347,1,1,1,0,0,0,0,0,0,0,0,1,0,0,3809,0
759,Car,honda,city,petrol,2017,chennai,50000,50321,1,1,1,0,0,0,0,0,0,0,0,1,0,0,3734,0
760,Car,honda,city,petrol,2017,chennai,50000,50972,1,1,1,0,1,0,0,0,0,0,0,1,0,0,3788,0
761,Car,honda,city,petrol,2017,chennai,50000,50034,1,1,1,0,1,0,0,0,0,0,0,1,0,0,3999,0
762,Car,honda,city,petrol,2017,chennai,50000,50279,1,1,1,0,0,0,0,0,0,0,0,1,0,0,3899,0
763,Car,honda,city,petrol,2017,chennai,50000,50283,1,1,1,0,1,0,0,0,0,0,0,1,0,0,3989,0
764,Car,honda,city,petrol,2017,chennai,60000,60324,1,1,1,1,0,1,0,0,1,0,1,0,1,0,5500,0
765,Car,honda,city,petrol,2017,chennai,60000,60349,1,1,1,1,0,1,0,0,1,0,1,0,1,0,5902,0
766,Car,honda,city,petrol,2017,chennai,60000,60374,1,1,1,1,0,1,0,0,1,0,1,0,1,0,5843,0
767,Car,honda,city,petrol,2017,chennai,60000,59993,1,1,1,1,0,1,0,0,1,0,1,0,1,0,5928,0
768,Car,honda,city,petrol,2017,chennai,60000,61379,1,1,1,1,0,1,0,0,1,0,1,0,1,0,6000,0
769,Car,honda,city,petrol,2017,chennai,60000,60342,1,1,1,1,0,1,0,0,1,0,1,0,1,0,5999,0
770,Car,honda,city,petrol,2017,chennai,60000,60930,1,1,1,1,0,1,0,0,1,0,1,0,1,0,5923,0
771,Car,honda,city,petrol,2017,chennai,60000,60432,1,1,1,1,0,1,0,0,1,0,1,0,1,0,5928,0
772,Car,honda,city,petrol,2017,chennai,60000,60465,1,1,1,1,0,1,0,0,1,0,1,0,1,0,5998,0
773,Car,honda,city,petrol,2017,chennai,60000,60765,1,1,1,1,0,1,0,0,1,0,1,0,1,0,5988,0
774,Car,honda,city,petrol,2017,chennai,60000,59433,1,1,1,1,0,1,0,0,1,0,1,0,1,0,5899,0
775,Car,honda,city,petrol,2017,chennai,60000,60875,1,1,1,1,0,1,0,0,1,0,1,0,1,0,6100,0
776,Car,honda,city,petrol,2017,chennai,60000,60080,1,1,1,1,0,1,0,0,1,0,1,0,1,0,6089,0
777,Car,honda,city,petrol,2017,chennai,60000,60909,1,1,1,1,0,1,0,0,1,0,1,0,1,0,6099,0
778,Car,honda,city,petrol,2017,chennai,60000,60223,1,1,1,1,0,1,0,0,1,0,1,0,1,0,6012,0
779,Car,honda,city,petrol,2017,chennai,60000,59343,1,1,1,1,0,1,0,0,1,0,1,0,1,0,6010,0
780,Car,honda,city,petrol,2017,chennai,60000,60382,1,1,1,1,0,1,0,0,1,0,1,0,1,0,6200,0
781,Car,honda,city,petrol,2017,chennai,60000,60237,1,1,1,1,0,1,0,0,1,0,1,0,1,0,6000,0
782,Car,honda,city,petrol,2017,chennai,60000,60734,1,1,1,1,0,1,0,0,1,0,1,0,1,0,6893,0
783,Car,honda,city,petrol,2017,chennai,60000,60798,1,1,1,1,0,1,0,0,1,0,1,0,1,0,6990,0
784,Car,honda,city,petrol,2017,chennai,70000,70432,1,1,1,0,0,0,0,0,0,0,0,0,0,0,4700,0
785,Car,honda,city,petrol,2017,chennai,70000,71372,1,1,1,0,0,0,0,0,0,0,0,0,0,0,4647,0
786,Car,honda,city,petrol,2017,chennai,70000,70321,1,1,1,0,1,0,0,0,0,0,0,0,0,0,4732,0
787,Car,honda,city,petrol,2017,chennai,70000,70232,1,1,1,0,1,0,0,0,0,0,0,0,0,0,4523,0
788,Car,honda,city,petrol,2017,chennai,70000,69322,1,1,1,0,1,0,0,0,0,0,0,0,0,0,4723,0
789,Car,honda,city,petrol,2017,chennai,70000,70237,1,1,1,0,1,0,0,0,0,0,0,0,0,0,4622,0
790,Car,honda,city,petrol,2017,chennai,70000,70327,1,1,1,0,1,0,0,0,0,0,0,0,0,0,4629,0
791,Car,honda,city,petrol,2017,chennai,70000,71326,1,1,1,0,1,0,0,0,0,0,0,0,0,0,4583,0
792,Car,honda,city,petrol,2017,chennai,70000,70237,1,1,1,0,1,0,0,0,0,0,0,0,0,0,4588,0
793,Car,honda,city,petrol,2017,chennai,70000,70895,1,1,1,0,1,0,0,0,0,0,0,0,0,0,4799,0
794,Car,honda,city,petrol,2017,chennai,70000,69923,1,1,1,0,1,0,0,0,0,0,0,0,0,0,4789,0
795,Car,honda,city,petrol,2017,chennai,70000,70349,1,1,1,0,0,0,0,0,0,0,0,0,0,0,4800,0
796,Car,honda,city,petrol,2017,chennai,70000,70398,1,1,1,0,0,0,0,0,0,0,0,0,0,0,4796,0
797,Car,honda,city,petrol,2017,chennai,70000,70321,1,1,1,0,0,0,0,0,0,0,0,0,0,0,4799,0
798,Car,honda,city,petrol,2017,chennai,70000,70232,1,1,1,0,0,0,0,0,0,0,0,0,0,0,4700,0
799,Car,honda,city,petrol,2017,chennai,70000,70098,1,1,1,0,0,0,0,0,0,0,0,0,0,0,4689,0
800,Car,honda,city,petrol,2017,chennai,70000,70322,1,1,1,0,0,0,0,0,0,0,0,0,0,0,4329,0
801,Car,honda,city,petrol,2017,chennai,70000,70567,1,1,1,0,0,0,0,0,0,0,0,0,0,0,4777,0
802,Car,honda,city,petrol,2017,chennai,70000,70957,1,1,1,0,0,0,0,0,0,0,0,0,0,0,4800,0
803,Car,honda,city,petrol,2017,chennai,80000,83679,1,1,1,0,0,0,1,0,0,0,0,0,0,0,4799,0
804,Car,honda,city,petrol,2017,chennai,80000,80239,1,1,1,0,0,0,1,0,0,0,0,0,0,0,6059,0
805,Car,honda,city,petrol,2017,chennai,80000,85489,1,1,1,0,0,0,1,0,0,0,0,0,0,0,6189,0
806,Car,honda,city,petrol,2017,chennai,80000,88432,1,1,1,0,0,0,1,0,0,0,0,0,0,0,6032,0
807,Car,honda,city,petrol,2017,chennai,80000,81348,1,1,1,0,0,0,1,0,0,0,0,0,0,0,6034,0
808,Car,honda,city,petrol,2017,chennai,80000,80239,1,1,1,0,0,0,1,0,0,0,0,0,0,0,6065,0
809,Car,honda,city,petrol,2017,chennai,80000,89273,1,1,1,0,0,0,1,0,0,0,0,0,0,0,6179,0
810,Car,honda,city,petrol,2017,chennai,80000,82028,1,1,1,0,0,0,1,0,0,0,0,0,0,0,6164,0
811,Car,honda,city,petrol,2017,chennai,80000,84722,1,1,1,1,0,0,1,0,0,0,0,0,0,0,6289,0
812,Car,honda,city,petrol,2017,chennai,80000,88431,1,1,1,1,0,0,1,0,0,0,0,0,0,0,6289,0
813,Car,honda,city,petrol,2017,chennai,80000,86222,1,1,1,0,0,0,1,0,0,0,0,0,0,0,6023,0
814,Car,honda,city,petrol,2017,chennai,100000,90473,1,1,1,0,0,1,0,0,0,0,0,0,0,0,6079,0
815,Car,honda,city,petrol,2017,chennai,100000,99374,1,1,1,0,0,1,0,0,0,0,0,0,0,0,6198,0
816,Car,honda,city,petrol,2017,chennai,100000,95832,1,1,1,1,0,1,0,0,0,0,0,0,0,0,6132,0
817,Car,honda,city,petrol,2017,chennai,100000,92484,1,1,1,0,1,1,0,0,0,0,0,0,0,0,6398,0
818,Car,honda,city,petrol,2017,chennai,100000,94584,1,1,1,0,1,1,0,0,0,0,0,0,0,0,6300,0
819,Car,honda,city,petrol,2017,chennai,100000,103472,1,1,1,0,0,0,0,0,0,0,0,0,0,0,6299,0
820,Car,honda,city,petrol,2017,chennai,100000,113479,1,1,1,1,0,0,0,0,0,0,0,0,0,0,6199,0
821,Car,honda,city,petrol,2017,chennai,100000,101302,1,1,1,1,0,0,0,0,0,0,0,0,0,0,6329,0
822,Car,honda,city,petrol,2017,chennai,100000,109327,1,1,1,1,0,0,0,0,0,0,0,0,0,0,6100,0
823,Car,honda,city,diesel,2016,mumbai,10000,10766,1,1,1,0,1,0,0,0,0,0,0,0,0,0,2500,0
824,Car,honda,city,diesel,2016,mumbai,10000,10689,1,1,1,0,1,0,0,0,0,0,0,0,0,0,2578,0
825,Car,honda,city,diesel,2016,mumbai,10000,10355,1,1,1,0,0,0,0,0,0,0,0,0,0,0,2589,0
826,Car,honda,city,diesel,2016,mumbai,10000,11028,1,1,1,0,0,0,0,0,0,0,0,0,0,0,2489,0
827,Car,honda,city,diesel,2016,mumbai,10000,10843,1,1,1,0,0,0,0,0,0,0,0,0,0,0,2499,0
828,Car,honda,city,diesel,2016,mumbai,10000,10686,1,1,1,0,0,0,0,0,0,0,0,0,0,0,2600,0
829,Car,honda,city,diesel,2016,mumbai,10000,10573,1,1,1,0,1,0,0,0,0,0,0,0,0,0,2689,0
830,Car,honda,city,diesel,2016,mumbai,10000,10992,1,1,1,0,0,0,0,0,0,0,0,0,0,0,2576,0
831,Car,honda,city,diesel,2016,mumbai,10000,10376,1,1,1,0,0,0,0,0,0,0,0,0,0,0,2534,0
832,Car,honda,city,diesel,2016,mumbai,10000,11009,1,1,1,0,0,0,0,0,0,0,0,0,0,0,2534,0
833,Car,honda,city,diesel,2016,mumbai,10000,10048,1,1,1,0,0,0,0,0,0,0,0,0,0,0,2578,0
834,Car,honda,city,diesel,2016,mumbai,10000,10623,1,1,1,0,0,0,0,0,0,0,0,0,0,0,2698,0
835,Car,honda,city,diesel,2016,mumbai,10000,10832,1,1,1,0,0,0,0,0,0,0,0,0,0,0,2532,0
836,Car,honda,city,diesel,2016,mumbai,10000,9068,1,1,1,0,0,0,0,0,0,0,0,0,0,0,2489,0
837,Car,honda,city,diesel,2016,mumbai,10000,10666,1,1,1,0,1,0,0,0,0,0,0,0,0,0,2578,0
838,Car,honda,city,diesel,2016,mumbai,10000,10879,1,1,1,0,0,0,0,0,0,0,0,0,0,0,2631,0
839,Car,honda,city,diesel,2016,mumbai,10000,9978,1,1,1,0,0,0,0,0,0,0,0,0,0,0,2639,0
840,Car,honda,city,diesel,2016,mumbai,10000,11658,1,1,1,0,1,0,0,0,0,0,0,0,0,0,2703,0
841,Car,honda,city,diesel,2016,mumbai,10000,10769,1,1,1,0,1,0,0,0,0,0,0,0,0,0,2539,0
842,Car,honda,city,diesel,2016,mumbai,10000,10761,1,1,1,0,1,0,0,0,0,0,0,0,0,0,2597,0
843,Car,honda,city,diesel,2016,mumbai,10000,11957,1,1,1,0,0,0,0,0,0,0,0,0,0,0,2583,0
844,Car,honda,city,diesel,2016,mumbai,20000,20788,1,1,1,1,0,1,1,0,0,0,0,0,0,0,6800,0
845,Car,honda,city,diesel,2016,mumbai,20000,20472,1,1,1,1,0,1,1,0,0,0,0,0,0,0,6809,0
846,Car,honda,city,diesel,2016,mumbai,20000,19236,1,1,1,1,0,1,1,0,0,0,0,0,0,0,6899,0
847,Car,honda,city,diesel,2016,mumbai,20000,20274,1,1,1,1,0,1,1,0,0,0,0,0,0,0,6799,0
848,Car,honda,city,diesel,2016,mumbai,20000,20768,1,1,1,1,0,1,1,0,0,0,0,0,0,0,6849,0
849,Car,honda,city,diesel,2016,mumbai,20000,21867,1,1,1,1,0,1,1,0,0,0,0,0,0,0,6859,0
850,Car,honda,city,diesel,2016,mumbai,20000,21688,1,1,1,1,0,1,1,0,0,0,0,0,0,0,6819,0
851,Car,honda,city,diesel,2016,mumbai,20000,20766,1,1,1,1,0,1,1,0,0,0,0,0,0,0,6819,0
852,Car,honda,city,diesel,2016,mumbai,20000,20987,1,1,1,1,0,1,1,0,0,0,0,0,0,0,6868,0
853,Car,honda,city,diesel,2016,mumbai,20000,20243,1,1,1,1,0,1,1,0,0,0,0,0,0,0,6893,0
854,Car,honda,city,diesel,2016,mumbai,20000,20657,1,1,1,1,1,1,1,0,0,0,0,0,0,0,6823,0
855,Car,honda,city,diesel,2016,mumbai,20000,19467,1,1,1,1,1,1,1,0,0,0,0,0,0,0,6890,0
856,Car,honda,city,diesel,2016,mumbai,20000,19054,1,1,1,1,1,1,1,0,0,0,0,0,0,0,6831,0
857,Car,honda,city,diesel,2016,mumbai,20000,20453,1,1,1,1,1,1,1,0,0,0,0,0,0,0,6890,0
858,Car,honda,city,diesel,2016,mumbai,20000,20980,1,1,1,1,0,1,1,0,0,0,0,0,0,0,6789,0
859,Car,honda,city,diesel,2016,mumbai,20000,21467,1,1,1,1,0,1,1,0,0,0,0,0,0,0,6798,0
860,Car,honda,city,diesel,2016,mumbai,20000,20564,1,1,1,1,1,1,1,0,0,0,0,0,0,0,6759,0
861,Car,honda,city,diesel,2016,mumbai,20000,20768,1,1,1,1,0,1,1,0,0,0,0,0,0,0,6831,0
862,Car,honda,city,diesel,2016,mumbai,20000,22567,1,1,1,1,0,1,1,0,0,0,0,0,0,0,6846,0
863,Car,honda,city,diesel,2016,mumbai,20000,20576,1,1,1,1,0,1,1,0,0,0,0,0,0,0,6891,0
864,Car,honda,city,diesel,2016,mumbai,30000,30686,1,1,1,0,0,0,0,0,0,0,0,0,0,0,5700,0
865,Car,honda,city,diesel,2016,mumbai,30000,30897,1,1,1,0,0,0,0,0,0,0,0,0,0,0,5710,0
866,Car,honda,city,diesel,2016,mumbai,30000,30675,1,1,1,0,0,0,0,0,0,0,0,0,0,0,5789,0
867,Car,honda,city,diesel,2016,mumbai,30000,30612,1,1,1,0,0,0,0,0,0,0,0,0,0,0,5799,0
868,Car,honda,city,diesel,2016,mumbai,30000,31763,1,1,1,0,0,0,0,0,0,0,0,0,0,0,5699,0
869,Car,honda,city,diesel,2016,mumbai,30000,30980,1,1,1,0,0,0,0,0,0,0,0,0,0,0,5789,0
870,Car,honda,city,diesel,2016,mumbai,30000,30998,1,1,1,0,0,0,0,0,0,0,0,0,0,0,5723,0
871,Car,honda,city,diesel,2016,mumbai,30000,29234,1,1,1,0,0,0,0,0,0,0,0,0,0,0,5789,0
872,Car,honda,city,diesel,2016,mumbai,30000,30909,1,1,1,0,0,0,0,0,0,0,0,0,0,0,5721,0
873,Car,honda,city,diesel,2016,mumbai,30000,30522,1,1,1,0,0,0,0,0,0,0,0,0,0,0,5748,0
874,Car,honda,city,diesel,2016,mumbai,30000,30863,1,1,1,0,0,0,0,0,0,0,0,0,0,0,5738,0
875,Car,honda,city,diesel,2016,mumbai,30000,29837,1,1,1,0,0,0,0,0,0,0,0,0,0,0,5849,0
876,Car,honda,city,diesel,2016,mumbai,30000,30674,1,1,1,0,0,0,0,0,0,0,0,0,0,0,5839,0
877,Car,honda,city,diesel,2016,mumbai,30000,31658,1,1,1,0,0,0,0,0,0,0,0,0,0,0,5829,0
878,Car,honda,city,diesel,2016,mumbai,30000,31225,1,1,1,0,0,0,0,0,0,0,0,0,0,0,5819,0
879,Car,honda,city,diesel,2016,mumbai,30000,30987,1,1,1,0,0,0,0,0,0,0,0,0,0,0,5809,0
880,Car,honda,city,diesel,2016,mumbai,30000,30545,1,1,1,0,0,0,0,0,0,0,0,0,0,0,5800,0
881,Car,honda,city,diesel,2016,mumbai,30000,32507,1,1,1,0,0,0,0,0,0,0,0,0,0,0,5799,0
882,Car,honda,city,diesel,2016,mumbai,30000,30087,1,1,1,0,0,0,0,0,0,0,0,0,0,0,5579,0
883,Car,honda,city,diesel,2016,mumbai,30000,30179,1,1,1,0,0,0,0,0,0,1,0,0,0,0,5800,0
884,Car,honda,city,diesel,2016,mumbai,40000,40878,1,1,1,1,0,1,1,0,0,1,0,0,0,0,6100,0
885,Car,honda,city,diesel,2016,mumbai,40000,40328,1,1,1,1,0,1,1,0,0,1,0,0,0,0,6250,0
886,Car,honda,city,diesel,2016,mumbai,40000,40368,1,1,1,1,0,1,1,0,0,1,0,0,0,0,6000,0
887,Car,honda,city,diesel,2016,mumbai,40000,39175,1,1,1,1,0,1,1,0,0,1,0,0,0,0,6100,0
888,Car,honda,city,diesel,2016,mumbai,40000,40613,1,1,1,1,0,1,1,0,0,1,0,0,0,0,6200,0
889,Car,honda,city,diesel,2016,mumbai,40000,40293,1,1,1,1,0,1,1,0,0,1,0,0,0,0,6150,0
890,Car,honda,city,diesel,2016,mumbai,40000,40733,1,1,1,1,0,1,1,0,0,1,0,0,0,0,6100,0
891,Car,honda,city,diesel,2016,mumbai,40000,41382,1,1,1,1,0,1,1,0,0,1,0,0,0,0,5900,0
892,Car,honda,city,diesel,2016,mumbai,40000,40289,1,1,1,1,0,1,1,0,0,1,0,0,0,0,6000,0
893,Car,honda,city,diesel,2016,mumbai,40000,39236,1,1,1,1,0,1,1,0,0,1,0,0,0,0,6250,0
894,Car,honda,city,diesel,2016,mumbai,40000,40786,1,1,1,1,0,1,1,0,0,1,0,0,0,0,6000,0
895,Car,honda,city,diesel,2016,mumbai,40000,40342,1,1,1,1,0,1,1,0,0,1,0,0,0,0,6200,0
896,Car,honda,city,diesel,2016,mumbai,40000,40345,1,1,1,1,0,1,1,0,0,1,0,0,0,0,6300,0
897,Car,honda,city,diesel,2016,mumbai,40000,40897,1,1,1,1,0,1,1,0,0,1,0,0,0,0,6299,0
898,Car,honda,city,diesel,2016,mumbai,40000,40568,1,1,1,1,0,1,1,0,0,1,0,0,0,0,6289,0
899,Car,honda,city,diesel,2016,mumbai,40000,40076,1,1,1,1,0,1,1,0,0,1,0,0,0,0,6279,0
900,Car,honda,city,diesel,2016,mumbai,40000,40877,1,1,1,1,0,1,1,0,0,1,0,0,1,0,7539,0
901,Car,honda,city,diesel,2016,mumbai,40000,41765,1,1,1,1,0,1,1,0,0,1,0,0,1,0,7542,0
902,Car,honda,city,diesel,2016,mumbai,40000,39067,1,1,1,1,0,1,1,0,0,1,0,0,1,0,7570,0
903,Car,honda,city,diesel,2016,mumbai,40000,40675,1,1,1,1,0,1,1,0,0,1,0,0,1,0,7575,0
904,Car,honda,city,diesel,2016,mumbai,50000,50789,1,1,1,0,0,0,0,0,0,0,0,0,0,0,7500,0
905,Car,honda,city,diesel,2016,mumbai,50000,50438,1,1,1,0,0,0,0,0,0,0,0,0,0,0,7599,0
906,Car,honda,city,diesel,2016,mumbai,50000,51832,1,1,1,0,0,0,0,0,0,0,0,0,0,0,7510,0
907,Car,honda,city,diesel,2016,mumbai,50000,49732,1,1,1,0,0,0,0,0,0,0,0,1,0,0,7590,0
908,Car,honda,city,diesel,2016,mumbai,50000,49028,1,1,1,0,0,0,0,0,0,0,0,1,0,0,7550,0
909,Car,honda,city,diesel,2016,mumbai,50000,50373,1,1,1,0,0,0,0,0,0,0,0,1,0,0,7400,0
910,Car,honda,city,diesel,2016,mumbai,50000,50342,1,1,1,0,0,0,0,0,0,0,0,1,0,0,7700,0
911,Car,honda,city,diesel,2016,mumbai,50000,50384,1,1,1,0,0,0,0,0,0,0,0,1,0,0,7650,0
912,Car,honda,city,diesel,2016,mumbai,50000,50878,1,1,1,0,0,0,0,0,0,0,0,1,0,0,7450,0
913,Car,honda,city,diesel,2016,mumbai,50000,50754,1,1,1,0,0,0,0,0,0,0,0,1,0,0,7699,0
914,Car,honda,city,diesel,2016,mumbai,50000,51437,1,1,1,0,0,0,0,0,0,0,0,1,0,0,7799,0
915,Car,honda,city,diesel,2016,mumbai,50000,50789,1,1,1,0,0,0,0,0,0,0,0,1,0,0,7600,0
916,Car,honda,city,diesel,2016,mumbai,50000,50432,1,1,1,0,0,0,0,0,0,0,0,1,0,0,7599,0
917,Car,honda,city,diesel,2016,mumbai,50000,50659,1,1,1,0,0,0,0,0,0,0,0,1,0,0,7549,0
918,Car,honda,city,diesel,2016,mumbai,50000,53768,1,1,1,0,0,0,0,0,0,0,0,1,0,0,7489,0
919,Car,honda,city,diesel,2016,mumbai,50000,50769,1,1,1,0,1,0,0,0,0,0,0,1,0,0,7510,0
920,Car,honda,city,diesel,2016,mumbai,50000,49013,1,1,1,0,1,0,0,0,0,0,0,1,0,0,7539,0
921,Car,honda,city,diesel,2016,mumbai,50000,51556,1,1,1,0,0,0,0,0,0,0,0,1,0,0,7542,0
922,Car,honda,city,diesel,2016,mumbai,50000,50897,1,1,1,0,1,0,0,0,0,0,0,1,0,0,7570,0
923,Car,honda,city,diesel,2016,mumbai,50000,50086,1,1,1,0,0,0,0,0,0,0,0,1,0,0,7575,0
924,Car,honda,city,diesel,2016,mumbai,60000,60879,1,1,1,1,0,1,1,0,1,0,1,0,1,0,9599,0
925,Car,honda,city,diesel,2016,mumbai,60000,60839,1,1,1,1,0,1,1,0,1,0,1,0,1,0,9000,0
926,Car,honda,city,diesel,2016,mumbai,60000,60321,1,1,1,1,0,1,1,0,1,0,1,0,1,0,9428,0
927,Car,honda,city,diesel,2016,mumbai,60000,61733,1,1,1,1,0,1,1,0,1,0,1,0,1,0,9247,0
928,Car,honda,city,diesel,2016,mumbai,60000,60977,1,1,1,1,0,1,1,0,1,0,1,0,1,0,9373,0
929,Car,honda,city,diesel,2016,mumbai,60000,60632,1,1,1,1,0,1,1,0,1,0,1,0,1,0,9473,0
930,Car,honda,city,diesel,2016,mumbai,60000,60872,1,1,1,1,0,1,1,0,1,0,1,0,1,0,9211,0
931,Car,honda,city,diesel,2016,mumbai,60000,60134,1,1,1,1,0,1,1,0,1,0,1,0,1,0,9088,0
932,Car,honda,city,diesel,2016,mumbai,60000,60427,1,1,1,1,0,1,1,0,1,0,1,0,1,0,9099,0
933,Car,honda,city,diesel,2016,mumbai,60000,60349,1,1,1,1,0,1,1,0,1,0,1,0,1,0,9438,0
934,Car,honda,city,diesel,2016,mumbai,60000,60374,1,1,1,1,0,1,1,0,1,0,1,0,1,0,9237,0
935,Car,honda,city,diesel,2016,mumbai,60000,60694,1,1,1,1,0,1,1,0,1,0,1,0,1,0,9473,0
936,Car,honda,city,diesel,2016,mumbai,60000,61379,1,1,1,1,0,1,1,0,1,0,1,0,1,0,9376,0
937,Car,honda,city,diesel,2016,mumbai,60000,59262,1,1,1,1,0,1,1,0,1,0,1,0,1,0,9276,0
938,Car,honda,city,diesel,2016,mumbai,60000,60876,1,1,1,1,0,1,1,0,1,0,1,0,1,0,9256,0
939,Car,honda,city,diesel,2016,mumbai,60000,60456,1,1,1,1,0,1,1,0,1,0,1,0,1,0,9186,0
940,Car,honda,city,diesel,2016,mumbai,60000,60657,1,1,1,1,0,1,1,0,1,0,1,0,1,0,9642,0
941,Car,honda,city,diesel,2016,mumbai,60000,59760,1,1,1,1,0,1,1,0,1,0,1,0,1,0,9374,0
942,Car,honda,city,diesel,2016,mumbai,60000,61234,1,1,1,1,0,1,1,0,1,0,1,0,1,0,9163,0
943,Car,honda,city,diesel,2016,mumbai,60000,60789,1,1,1,1,0,1,1,0,1,0,1,0,1,0,9346,0
944,Car,honda,city,diesel,2016,mumbai,70000,70765,1,1,1,0,0,0,0,0,0,0,1,0,0,0,6100,0
945,Car,honda,city,diesel,2016,mumbai,70000,70384,1,1,1,0,1,0,0,0,0,0,0,0,0,0,6199,0
946,Car,honda,city,diesel,2016,mumbai,70000,70976,1,1,1,0,1,0,0,0,0,0,0,0,0,0,6099,0
947,Car,honda,city,diesel,2016,mumbai,70000,71253,1,1,1,0,1,0,0,0,0,0,0,0,0,0,6089,0
948,Car,honda,city,diesel,2016,mumbai,70000,70311,1,1,1,0,1,0,0,0,0,0,0,0,0,0,6189,0
949,Car,honda,city,diesel,2016,mumbai,70000,70789,1,1,1,0,1,0,0,0,0,0,0,0,0,0,6179,0
950,Car,honda,city,diesel,2016,mumbai,70000,70098,1,1,1,0,1,0,0,0,0,0,0,0,0,0,6188,0
951,Car,honda,city,diesel,2016,mumbai,70000,69432,1,1,1,0,1,0,0,0,0,0,0,0,0,0,6132,0
952,Car,honda,city,diesel,2016,mumbai,70000,70894,1,1,1,0,1,0,0,0,0,0,0,0,0,0,6110,0
953,Car,honda,city,diesel,2016,mumbai,70000,70753,1,1,1,0,1,0,0,0,0,0,0,0,0,0,6290,0
954,Car,honda,city,diesel,2016,mumbai,70000,70756,1,1,1,0,0,0,0,0,0,0,0,0,0,0,6279,0
955,Car,honda,city,diesel,2016,mumbai,70000,70890,1,1,1,0,0,0,0,0,0,0,0,0,0,0,6249,0
956,Car,honda,city,diesel,2016,mumbai,70000,69876,1,1,1,0,0,0,0,0,0,0,0,0,0,0,6149,0
957,Car,honda,city,diesel,2016,mumbai,70000,70766,1,1,1,0,0,0,0,0,0,0,0,0,0,0,6300,0
958,Car,honda,city,diesel,2016,mumbai,70000,70087,1,1,1,0,0,0,0,0,0,0,0,0,0,0,6200,0
959,Car,honda,city,diesel,2016,mumbai,70000,70234,1,1,1,0,0,0,0,0,0,0,0,0,0,0,6298,0
960,Car,honda,city,diesel,2016,mumbai,70000,71456,1,1,1,0,0,0,0,0,0,0,0,0,0,0,6281,0
961,Car,honda,city,diesel,2016,mumbai,70000,70975,1,1,1,0,0,0,0,0,0,0,0,0,0,0,6400,0
962,Car,honda,city,diesel,2016,mumbai,70000,70255,1,1,1,0,0,0,0,0,0,1,0,0,0,0,7200,0
963,Car,honda,city,diesel,2016,mumbai,70000,70346,1,1,1,0,0,0,0,0,0,1,0,0,0,0,7300,0
964,Car,honda,city,diesel,2016,mumbai,80000,83678,1,1,1,1,0,1,1,0,0,1,0,0,0,0,8500,0
965,Car,honda,city,diesel,2016,mumbai,80000,88432,1,1,1,1,0,1,1,0,0,1,0,0,0,1,8599,0
966,Car,honda,city,diesel,2016,mumbai,80000,83223,1,1,1,1,0,1,1,0,0,1,0,0,0,1,8589,0
967,Car,honda,city,diesel,2016,mumbai,80000,84978,1,1,1,1,0,1,1,0,0,1,0,0,0,1,8600,0
968,Car,honda,city,diesel,2016,mumbai,80000,89262,1,1,1,1,0,1,1,0,0,1,0,0,0,1,8699,0
969,Car,honda,city,diesel,2016,mumbai,80000,81362,1,1,1,1,0,1,1,0,0,1,0,0,0,1,8619,0
970,Car,honda,city,diesel,2016,mumbai,80000,80623,1,1,1,1,0,1,1,0,0,1,0,0,0,0,8700,0
971,Car,honda,city,diesel,2016,mumbai,80000,80628,1,1,1,1,0,1,1,0,0,1,0,0,0,0,8499,0
972,Car,honda,city,diesel,2016,mumbai,80000,90624,1,1,1,0,1,0,0,0,0,0,0,0,0,0,8489,0
973,Car,honda,city,diesel,2016,mumbai,100000,95293,1,1,1,0,1,0,0,0,0,0,0,0,0,0,8810,0
974,Car,honda,city,diesel,2016,mumbai,100000,98673,1,1,1,0,1,0,0,0,0,0,0,0,0,0,8539,0
975,Car,honda,city,diesel,2016,mumbai,100000,92463,1,1,1,0,1,0,0,0,0,0,0,0,0,0,8250,0
976,Car,honda,city,diesel,2016,mumbai,100000,102836,1,1,1,1,0,1,1,0,0,0,0,0,0,1,9000,0
977,Car,honda,city,diesel,2016,mumbai,100000,108236,1,1,1,1,0,1,1,0,0,0,0,0,0,1,8900,0
978,Car,honda,city,diesel,2016,mumbai,100000,117248,1,1,1,1,1,1,1,0,1,0,0,0,1,1,8999,0
979,Car,honda,city,diesel,2016,mumbai,100000,128699,1,1,1,1,0,1,1,0,1,1,0,0,1,1,8700,0
980,Car,toyota,fortuner,diesel,2016,mumbai,10000,10657,1,1,0,0,0,0,0,0,0,0,0,0,0,0,2089,0
981,Car,toyota,fortuner,diesel,2016,mumbai,10000,10732,1,1,0,0,0,0,0,0,0,0,0,0,0,0,2045,0
982,Car,toyota,fortuner,diesel,2016,mumbai,10000,10232,1,1,0,0,0,0,0,0,0,0,0,0,0,0,2176,0
983,Car,toyota,fortuner,diesel,2016,mumbai,10000,10747,1,1,0,0,0,0,0,0,0,0,0,0,0,0,1900,0
984,Car,toyota,fortuner,diesel,2016,mumbai,10000,11237,1,1,0,0,0,0,0,0,0,0,0,0,0,0,1989,0
985,Car,toyota,fortuner,diesel,2016,mumbai,10000,10355,1,1,0,0,0,0,0,0,0,0,0,0,0,0,2078,0
986,Car,toyota,fortuner,diesel,2016,mumbai,10000,11028,1,1,0,0,0,0,0,0,0,0,0,0,0,0,2075,0
987,Car,toyota,fortuner,diesel,2016,mumbai,10000,10843,1,1,0,0,0,0,0,0,0,0,0,0,0,0,2089,0
988,Car,toyota,fortuner,diesel,2016,mumbai,10000,10686,1,1,0,0,0,0,0,0,0,0,0,0,0,0,2099,0
989,Car,toyota,fortuner,diesel,2016,mumbai,10000,10573,1,1,0,0,0,0,0,0,0,0,0,0,0,0,2100,0
990,Car,toyota,fortuner,diesel,2016,mumbai,10000,10992,1,1,0,0,0,0,0,0,0,0,0,0,0,0,2109,0
991,Car,toyota,fortuner,diesel,2016,mumbai,10000,10376,1,1,0,0,0,0,0,0,0,0,0,0,0,0,2199,0
992,Car,toyota,fortuner,diesel,2016,mumbai,10000,11009,1,1,0,0,0,0,0,0,0,0,0,0,0,0,2189,0
993,Car,toyota,fortuner,diesel,2016,mumbai,10000,10048,1,1,0,0,0,0,0,0,0,0,0,0,0,0,2179,0
994,Car,toyota,fortuner,diesel,2016,mumbai,10000,10623,1,1,0,0,0,0,0,0,0,0,0,0,0,0,2149,0
995,Car,toyota,fortuner,diesel,2016,mumbai,10000,9076,1,1,0,0,0,0,0,0,0,0,0,0,0,0,2169,0
996,Car,toyota,fortuner,diesel,2016,mumbai,10000,10783,1,1,0,0,0,0,0,0,0,0,0,0,0,0,2129,0
997,Car,toyota,fortuner,diesel,2016,mumbai,10000,10673,1,1,0,0,0,0,0,0,0,0,0,0,0,0,2079,0
998,Car,toyota,fortuner,diesel,2016,mumbai,10000,10342,1,1,0,0,0,0,0,0,0,0,0,0,0,0,2099,0
999,Car,toyota,fortuner,diesel,2016,mumbai,10000,10024,1,1,0,0,0,0,0,0,0,0,0,0,0,0,2019,0
1000,Car,toyota,fortuner,diesel,2016,mumbai,20000,20568,1,1,1,0,0,1,1,0,0,0,0,0,0,0,3400,0
1001,Car,toyota,fortuner,diesel,2016,mumbai,20000,20657,1,1,1,0,0,1,1,0,0,0,0,0,0,0,3411,0
1002,Car,toyota,fortuner,diesel,2016,mumbai,20000,20732,1,1,1,0,0,1,1,0,0,0,0,0,0,0,3430,0
1003,Car,toyota,fortuner,diesel,2016,mumbai,20000,20327,1,1,1,0,0,1,1,0,0,0,0,0,0,0,3434,0
1004,Car,toyota,fortuner,diesel,2016,mumbai,20000,20474,1,1,1,0,0,1,1,0,0,0,0,0,0,0,3488,0
1005,Car,toyota,fortuner,diesel,2016,mumbai,20000,20473,1,1,1,0,0,1,1,0,0,0,0,0,0,0,3499,0
1006,Car,toyota,fortuner,diesel,2016,mumbai,20000,20436,1,1,1,0,0,1,1,0,0,0,0,0,0,0,3498,0
1007,Car,toyota,fortuner,diesel,2016,mumbai,20000,20859,1,1,1,0,0,1,1,0,0,0,0,0,0,0,3400,0
1008,Car,toyota,fortuner,diesel,2016,mumbai,20000,20908,1,1,1,0,0,1,1,0,0,0,0,0,0,0,3500,0
1009,Car,toyota,fortuner,diesel,2016,mumbai,20000,21382,1,1,1,0,0,1,1,0,0,0,0,0,0,0,3599,0
1010,Car,toyota,fortuner,diesel,2016,mumbai,20000,19732,1,1,1,0,1,1,1,0,0,0,0,0,0,0,3489,0
1011,Car,toyota,fortuner,diesel,2016,mumbai,20000,20823,1,1,1,0,1,1,1,0,0,0,0,0,0,0,3449,0
1012,Car,toyota,fortuner,diesel,2016,mumbai,20000,20373,1,1,1,0,1,1,1,0,0,0,0,0,0,0,3399,0
1013,Car,toyota,fortuner,diesel,2016,mumbai,20000,20472,1,1,1,0,1,1,1,0,0,0,0,0,0,0,3389,0
1014,Car,toyota,fortuner,diesel,2016,mumbai,20000,20879,1,1,1,0,1,1,1,0,0,0,0,0,0,0,3510,0
1015,Car,toyota,fortuner,diesel,2016,mumbai,20000,22658,1,1,1,0,1,1,1,0,0,0,0,0,0,0,3400,0
1016,Car,toyota,fortuner,diesel,2016,mumbai,20000,20657,1,1,1,0,1,1,1,0,0,0,0,0,0,0,3410,0
1017,Car,toyota,fortuner,diesel,2016,mumbai,20000,20158,1,1,1,0,1,1,1,0,0,0,0,0,0,0,3418,0
1018,Car,toyota,fortuner,diesel,2016,mumbai,20000,20655,1,1,1,0,1,1,1,0,0,0,0,0,0,0,3419,0
1019,Car,toyota,fortuner,diesel,2016,mumbai,20000,20989,1,1,1,0,1,1,1,0,0,0,0,0,0,0,3420,0
1020,Car,toyota,fortuner,diesel,2016,mumbai,30000,30321,1,1,0,1,1,0,0,0,0,0,0,0,0,0,3600,0
1021,Car,toyota,fortuner,diesel,2016,mumbai,30000,30677,1,1,0,1,1,0,0,0,0,0,0,0,0,0,3699,0
1022,Car,toyota,fortuner,diesel,2016,mumbai,30000,30611,1,1,0,1,1,0,0,0,0,0,0,0,0,0,3689,0
1023,Car,toyota,fortuner,diesel,2016,mumbai,30000,30018,1,1,0,1,1,0,0,0,0,0,0,0,0,0,3599,0
1024,Car,toyota,fortuner,diesel,2016,mumbai,30000,30783,1,1,0,1,1,0,0,0,0,0,0,0,0,0,3610,0
1025,Car,toyota,fortuner,diesel,2016,mumbai,30000,30463,1,1,0,1,1,0,0,0,0,0,0,0,0,0,3600,0
1026,Car,toyota,fortuner,diesel,2016,mumbai,30000,30463,1,1,0,1,1,0,0,0,0,0,0,0,0,0,3630,0
1027,Car,toyota,fortuner,diesel,2016,mumbai,30000,29625,1,1,0,1,1,0,0,0,0,0,0,0,0,0,3649,0
1028,Car,toyota,fortuner,diesel,2016,mumbai,30000,31833,1,1,0,1,1,0,0,0,0,0,0,0,0,0,3700,0
1029,Car,toyota,fortuner,diesel,2016,mumbai,30000,30172,1,1,0,1,1,0,0,0,0,0,0,0,0,0,3749,0
1030,Car,toyota,fortuner,diesel,2016,mumbai,30000,30132,1,1,0,1,1,0,0,0,0,0,0,0,0,0,3749,0
1031,Car,toyota,fortuner,diesel,2016,mumbai,30000,29234,1,1,0,1,1,0,0,0,0,0,0,0,0,0,3710,0
1032,Car,toyota,fortuner,diesel,2016,mumbai,30000,30541,1,1,0,1,1,0,0,0,0,0,0,0,0,0,3699,0
1033,Car,toyota,fortuner,diesel,2016,mumbai,30000,29650,1,1,0,1,1,0,0,0,0,0,0,0,0,0,3677,0
1034,Car,toyota,fortuner,diesel,2016,mumbai,30000,30089,1,1,0,1,1,0,0,0,0,0,0,0,0,0,3690,0
1035,Car,toyota,fortuner,diesel,2016,mumbai,30000,30658,1,1,0,1,1,0,0,0,0,0,0,0,0,0,3666,0
1036,Car,toyota,fortuner,diesel,2016,mumbai,30000,30540,1,1,0,1,1,0,0,0,0,0,0,0,0,0,3646,0
1037,Car,toyota,fortuner,diesel,2016,mumbai,30000,30719,1,1,0,1,1,0,0,0,0,0,0,0,0,0,3655,0
1038,Car,toyota,fortuner,diesel,2016,mumbai,30000,30257,1,1,0,1,1,0,0,0,0,0,0,0,0,0,3650,0
1039,Car,toyota,fortuner,diesel,2016,mumbai,30000,31566,1,1,0,1,1,1,0,0,0,0,0,0,0,0,3699,0
1040,Car,toyota,fortuner,diesel,2016,mumbai,40000,40078,1,1,0,0,0,1,0,0,0,1,0,0,0,0,4300,0
1041,Car,toyota,fortuner,diesel,2016,mumbai,40000,40722,1,1,0,0,0,1,0,0,0,1,0,0,0,0,4349,0
1042,Car,toyota,fortuner,diesel,2016,mumbai,40000,40283,1,1,0,0,0,1,0,0,0,1,0,0,0,0,4399,0
1043,Car,toyota,fortuner,diesel,2016,mumbai,40000,40287,1,1,0,0,0,1,0,0,0,1,0,0,0,0,4389,0
1044,Car,toyota,fortuner,diesel,2016,mumbai,40000,39723,1,1,0,0,0,1,0,0,0,1,0,0,0,0,4350,0
1045,Car,toyota,fortuner,diesel,2016,mumbai,40000,41372,1,1,0,0,0,1,0,0,0,1,0,0,0,0,4300,0
1046,Car,toyota,fortuner,diesel,2016,mumbai,40000,40282,1,1,0,0,0,1,0,0,0,1,0,0,0,0,4410,0
1047,Car,toyota,fortuner,diesel,2016,mumbai,40000,40483,1,1,0,0,0,1,0,0,0,1,0,0,0,0,4299,0
1048,Car,toyota,fortuner,diesel,2016,mumbai,40000,40984,1,1,0,0,0,1,0,0,0,1,0,0,0,0,4449,0
1049,Car,toyota,fortuner,diesel,2016,mumbai,40000,40932,1,1,0,0,0,1,0,0,0,1,0,0,0,0,4489,0
1050,Car,toyota,fortuner,diesel,2016,mumbai,40000,40282,1,1,0,0,0,1,0,0,0,1,0,0,0,0,4499,0
1051,Car,toyota,fortuner,diesel,2016,mumbai,40000,40221,1,1,0,0,0,1,0,0,0,1,0,0,0,0,4488,0
1052,Car,toyota,fortuner,diesel,2016,mumbai,40000,42778,1,1,0,0,0,1,0,0,0,1,0,0,0,0,4444,0
1053,Car,toyota,fortuner,diesel,2016,mumbai,40000,40787,1,1,0,0,0,1,0,0,0,1,0,0,0,0,4333,0
1054,Car,toyota,fortuner,diesel,2016,mumbai,40000,40098,1,1,0,0,0,1,0,0,0,1,0,0,0,0,4344,0
1055,Car,toyota,fortuner,diesel,2016,mumbai,40000,40379,1,1,0,0,0,1,0,0,0,1,0,0,0,0,4443,0
1056,Car,toyota,fortuner,diesel,2016,mumbai,40000,40257,1,1,0,0,0,1,0,0,0,1,0,0,0,0,4499,0
1057,Car,toyota,fortuner,diesel,2016,mumbai,40000,40764,1,1,0,0,0,1,0,0,0,1,0,0,0,0,4477,0
1058,Car,toyota,fortuner,diesel,2016,mumbai,40000,40643,1,1,0,0,0,1,0,0,0,1,0,0,0,0,4450,0
1059,Car,toyota,fortuner,diesel,2016,mumbai,40000,40173,1,1,0,0,0,1,0,0,0,1,0,0,0,0,4389,0
1060,Car,toyota,fortuner,diesel,2016,mumbai,50000,50583,1,1,1,0,0,0,0,0,1,0,0,1,0,0,4100,0
1061,Car,toyota,fortuner,diesel,2016,mumbai,50000,50236,1,1,1,0,0,0,0,0,1,0,0,1,0,0,4110,0
1062,Car,toyota,fortuner,diesel,2016,mumbai,50000,50673,1,1,1,0,0,0,0,0,1,0,0,1,0,0,4199,0
1063,Car,toyota,fortuner,diesel,2016,mumbai,50000,50892,1,1,1,0,0,0,0,0,1,0,0,1,0,0,4189,0
1064,Car,toyota,fortuner,diesel,2016,mumbai,50000,51427,1,1,1,0,0,0,0,0,1,0,0,1,0,0,4179,0
1065,Car,toyota,fortuner,diesel,2016,mumbai,50000,50237,1,1,1,0,0,0,0,0,1,0,0,1,0,0,4100,0
1066,Car,toyota,fortuner,diesel,2016,mumbai,50000,49622,1,1,1,0,0,0,0,0,1,0,0,1,0,0,4150,0
1067,Car,toyota,fortuner,diesel,2016,mumbai,50000,49263,1,1,1,0,0,0,0,0,1,0,0,1,0,0,4198,0
1068,Car,toyota,fortuner,diesel,2016,mumbai,50000,50268,1,1,1,0,0,0,0,0,1,0,0,1,0,0,4148,0
1069,Car,toyota,fortuner,diesel,2016,mumbai,50000,51452,1,1,1,0,0,0,0,0,1,0,0,1,0,0,4141,0
1070,Car,toyota,fortuner,diesel,2016,mumbai,50000,50348,1,1,1,0,0,0,0,0,1,0,0,1,0,0,4200,0
1071,Car,toyota,fortuner,diesel,2016,mumbai,50000,50888,1,1,1,0,0,0,0,0,1,0,0,1,0,0,4210,0
1072,Car,toyota,fortuner,diesel,2016,mumbai,50000,50678,1,1,1,0,0,0,0,0,1,0,0,1,0,0,4242,0
1073,Car,toyota,fortuner,diesel,2016,mumbai,50000,50755,1,1,1,0,0,0,0,0,1,0,0,1,0,0,4190,0
1074,Car,toyota,fortuner,diesel,2016,mumbai,50000,50245,1,1,1,0,0,0,0,0,1,0,0,1,0,0,4100,0
1075,Car,toyota,fortuner,diesel,2016,mumbai,50000,50345,1,1,1,0,0,0,0,0,1,0,0,1,0,0,4099,0
1076,Car,toyota,fortuner,diesel,2016,mumbai,50000,50896,1,1,1,0,0,0,0,0,1,0,0,1,0,0,4089,0
1077,Car,toyota,fortuner,diesel,2016,mumbai,50000,50890,1,1,1,0,0,0,0,0,1,0,0,1,0,0,4123,0
1078,Car,toyota,fortuner,diesel,2016,mumbai,50000,50789,1,1,1,0,1,0,0,0,1,0,0,1,0,0,4243,0
1079,Car,toyota,fortuner,diesel,2016,mumbai,50000,50246,1,1,1,0,1,0,0,0,1,0,0,1,0,0,4290,0
1080,Car,toyota,fortuner,diesel,2016,mumbai,60000,60934,1,1,1,1,1,1,1,0,0,0,1,0,1,0,6400,0
1081,Car,toyota,fortuner,diesel,2016,mumbai,60000,60272,1,1,1,1,1,1,1,0,0,0,1,0,1,0,6399,0
1082,Car,toyota,fortuner,diesel,2016,mumbai,60000,60347,1,1,0,1,1,1,1,0,0,0,1,0,1,0,6419,0
1083,Car,toyota,fortuner,diesel,2016,mumbai,60000,60322,1,1,0,1,1,1,1,0,0,0,1,0,1,0,6410,0
1084,Car,toyota,fortuner,diesel,2016,mumbai,60000,60347,1,1,0,1,1,1,1,0,0,0,1,0,1,0,6499,0
1085,Car,toyota,fortuner,diesel,2016,mumbai,60000,60839,1,1,0,1,1,1,1,0,0,0,1,0,1,0,6500,0
1086,Car,toyota,fortuner,diesel,2016,mumbai,60000,60321,1,1,0,1,1,1,1,0,0,0,1,0,1,0,6499,0
1087,Car,toyota,fortuner,diesel,2016,mumbai,60000,61733,1,1,0,1,1,1,1,0,0,0,1,0,1,0,6521,0
1088,Car,toyota,fortuner,diesel,2016,mumbai,60000,60977,1,1,0,1,1,1,1,0,0,0,1,0,1,0,6599,0
1089,Car,toyota,fortuner,diesel,2016,mumbai,60000,60632,1,1,0,1,1,1,1,0,0,0,1,0,1,0,6322,0
1090,Car,toyota,fortuner,diesel,2016,mumbai,60000,60872,1,1,0,1,1,1,1,0,0,0,1,0,1,0,6423,0
1091,Car,toyota,fortuner,diesel,2016,mumbai,60000,60134,1,1,0,1,1,1,1,0,0,0,1,0,1,0,6522,0
1092,Car,toyota,fortuner,diesel,2016,mumbai,60000,60427,1,1,0,1,1,1,1,0,0,0,1,0,1,0,6500,0
1093,Car,toyota,fortuner,diesel,2016,mumbai,60000,60456,1,1,0,1,1,1,1,0,0,0,1,0,1,0,6489,0
1094,Car,toyota,fortuner,diesel,2016,mumbai,60000,60677,1,1,0,1,1,1,1,0,0,0,1,0,1,0,6479,0
1095,Car,toyota,fortuner,diesel,2016,mumbai,60000,60345,1,1,0,1,1,1,1,0,0,0,1,0,1,0,6477,0
1096,Car,toyota,fortuner,diesel,2016,mumbai,60000,60989,1,1,0,1,1,1,1,0,0,0,1,0,1,0,6488,0
1097,Car,toyota,fortuner,diesel,2016,mumbai,60000,60123,1,1,0,1,1,1,1,0,0,0,1,0,1,0,6432,0
1098,Car,toyota,fortuner,diesel,2016,mumbai,60000,60023,1,1,0,1,1,1,1,0,0,0,1,0,1,0,6438,0
1099,Car,toyota,fortuner,diesel,2016,mumbai,60000,60582,1,1,0,1,1,1,1,0,0,0,1,0,1,0,6500,0
1100,Car,toyota,fortuner,diesel,2016,mumbai,70000,70456,1,1,0,0,0,0,0,0,0,0,0,0,0,0,5200,0
1101,Car,toyota,fortuner,diesel,2016,mumbai,70000,70787,1,1,0,0,0,0,0,0,0,0,0,0,0,0,5200,0
1102,Car,toyota,fortuner,diesel,2016,mumbai,70000,70747,1,1,0,0,0,0,0,0,0,0,0,0,0,0,5350,0
1103,Car,toyota,fortuner,diesel,2016,mumbai,70000,70360,1,1,0,0,0,0,0,0,0,0,0,0,0,0,5299,0
1104,Car,toyota,fortuner,diesel,2016,mumbai,70000,71580,1,1,0,0,0,0,0,0,0,0,0,0,0,0,5399,0
1105,Car,toyota,fortuner,diesel,2016,mumbai,70000,70765,1,1,0,0,0,0,0,0,0,0,0,0,0,0,5289,0
1106,Car,toyota,fortuner,diesel,2016,mumbai,70000,70272,1,1,0,0,0,0,0,0,0,0,0,0,0,0,5389,0
1107,Car,toyota,fortuner,diesel,2016,mumbai,70000,70347,1,1,0,0,0,0,0,0,0,0,0,0,0,0,5250,0
1108,Car,toyota,fortuner,diesel,2016,mumbai,70000,70322,1,1,0,0,0,0,0,0,0,0,0,0,0,0,5350,0
1109,Car,toyota,fortuner,diesel,2016,mumbai,70000,70347,1,1,0,0,0,0,0,0,0,0,0,0,0,0,5249,0
1110,Car,toyota,fortuner,diesel,2016,mumbai,70000,70473,1,1,0,0,0,0,0,0,0,0,0,0,0,0,5349,0
1111,Car,toyota,fortuner,diesel,2016,mumbai,70000,71009,1,1,0,0,0,0,0,0,0,0,0,0,0,0,5388,0
1112,Car,toyota,fortuner,diesel,2016,mumbai,70000,69498,1,1,0,0,0,0,0,0,0,0,0,0,0,0,5488,0
1113,Car,toyota,fortuner,diesel,2016,mumbai,70000,70777,1,1,0,0,0,0,0,0,0,0,0,0,0,0,5310,0
1114,Car,toyota,fortuner,diesel,2016,mumbai,70000,70320,1,1,0,0,0,0,0,0,0,0,0,0,0,0,5210,0
1115,Car,toyota,fortuner,diesel,2016,mumbai,70000,70380,1,1,1,0,0,0,0,0,0,0,0,0,0,0,5200,0
1116,Car,toyota,fortuner,diesel,2016,mumbai,70000,70134,1,1,1,0,0,0,0,0,0,0,0,0,0,0,5300,0
1117,Car,toyota,fortuner,diesel,2016,mumbai,70000,70333,1,1,1,0,0,0,0,0,0,0,0,0,0,0,5299,0
1118,Car,toyota,fortuner,diesel,2016,mumbai,70000,70076,1,1,1,0,0,0,0,0,0,0,0,0,0,0,5279,0
1119,Car,toyota,fortuner,diesel,2016,mumbai,70000,70976,1,1,1,0,0,0,0,0,0,0,0,0,0,0,5269,0
1120,Car,toyota,fortuner,diesel,2016,mumbai,80000,82879,1,1,1,0,0,1,0,0,0,0,0,0,0,1,7100,0
1121,Car,toyota,fortuner,diesel,2016,mumbai,80000,84232,1,1,1,0,0,1,0,0,0,0,0,0,0,1,7200,0
1122,Car,toyota,fortuner,diesel,2016,mumbai,80000,86289,1,1,1,0,0,1,0,0,0,1,0,0,0,1,7099,0
1123,Car,toyota,fortuner,diesel,2016,mumbai,80000,89827,1,1,1,0,0,1,0,0,0,1,0,0,0,1,7089,0
1124,Car,toyota,fortuner,diesel,2016,mumbai,80000,83238,1,1,1,0,0,1,0,0,0,1,0,0,0,1,7199,0
1125,Car,toyota,fortuner,diesel,2016,mumbai,80000,81723,1,1,1,0,0,1,0,0,0,1,0,0,0,1,7189,0
1126,Car,toyota,fortuner,diesel,2016,mumbai,80000,88937,1,1,1,0,0,1,0,0,0,1,0,0,0,1,7190,0
1127,Car,toyota,fortuner,diesel,2016,mumbai,80000,80782,1,1,1,0,0,1,0,0,0,1,0,0,0,1,7149,0
1128,Car,toyota,fortuner,diesel,2016,mumbai,80000,81923,1,1,1,0,0,1,0,0,0,1,0,0,0,1,7150,0
1129,Car,toyota,fortuner,diesel,2016,mumbai,80000,82732,1,1,1,0,0,1,0,0,0,1,0,0,0,1,7110,0
1130,Car,toyota,fortuner,diesel,2016,mumbai,80000,80327,1,1,1,0,0,1,0,0,0,1,0,0,0,1,7200,0
1131,Car,toyota,fortuner,diesel,2016,mumbai,80000,80311,1,1,1,0,0,1,0,0,0,1,0,0,0,1,7249,0
1132,Car,toyota,fortuner,diesel,2016,mumbai,80000,90677,1,1,1,1,0,0,1,0,0,0,0,0,0,1,7290,0
1133,Car,toyota,fortuner,diesel,2016,mumbai,100000,94373,1,1,1,1,0,0,1,0,0,0,0,0,0,0,7250,0
1134,Car,toyota,fortuner,diesel,2016,mumbai,100000,91263,1,1,1,1,0,0,1,0,0,0,0,0,0,0,7299,0
1135,Car,toyota,fortuner,diesel,2016,mumbai,100000,96236,1,1,1,1,0,0,1,0,0,0,0,0,0,0,7289,0
1136,Car,toyota,fortuner,diesel,2016,mumbai,100000,93438,1,1,1,1,0,0,1,0,0,0,0,0,0,0,7280,0
1137,Car,toyota,fortuner,diesel,2016,mumbai,100000,106788,1,1,1,0,1,1,1,0,1,0,0,0,0,0,7310,0
1138,Car,toyota,fortuner,diesel,2016,mumbai,100000,112576,1,1,1,0,1,1,1,0,1,0,0,0,0,0,7349,0
1139,Car,toyota,fortuner,diesel,2016,mumbai,100000,110757,1,1,1,1,1,1,1,0,1,0,0,0,0,0,7399,0
